Date,Open,High,Low,Close,Volume,Ex-Dividend,Split Ratio,Adj. Open,Adj. High,Adj. Low,Adj. Close,Adj. Volume
2010-01-04,19.23,19.25,18.59,18.85,594700.0,0.0,1.0,19.015331547220363,19.035108283098907,18.382475999106944,18.63957356552802,594700.0
2010-01-05,18.92,19.16,18.56,18.76,501000.0,0.0,1.0,18.708792141102926,18.94611297164546,18.352810895289124,18.550578254074573,501000.0
2010-01-06,18.75,19.25,18.69,19.22,340400.0,0.0,1.0,18.540689886135297,19.035108283098907,18.48135967849967,19.005443179281087,340400.0
2010-01-07,19.6,20.98,19.37,20.86,1530400.0,0.0,1.0,19.381201160973433,20.74579593659299,19.153768698370172,20.627135521321723,1530400.0
2010-01-08,21.0,21.62,20.87,21.61,619400.0,0.0,1.0,20.765572672471535,21.37865148470641,20.637023889261,21.368763116767134,619400.0
2010-01-11,21.62,21.62,21.05,21.28,403900.0,0.0,1.0,21.37865148470641,21.37865148470641,20.815014512167895,21.042446974771156,403900.0
2010-01-12,21.28,21.6,20.87,21.14,234900.0,0.0,1.0,21.042446974771156,21.358874748827866,20.637023889261,20.904009823621344,234900.0
2010-01-13,20.63,21.41,20.63,21.31,195600.0,0.0,1.0,20.399703058718462,21.170995757981693,20.399703058718462,21.07211207858897,195600.0
2010-01-14,21.09,21.48,20.4,20.44,438300.0,0.0,1.0,20.854567983924984,21.240214333556597,20.172270596115204,20.211824067872293,438300.0
2010-01-15,20.54,20.54,19.75,20.35,236400.0,0.0,1.0,20.310707747265013,20.310707747265013,19.529526680062514,20.122828756418844,236400.0
2010-01-19,20.17,20.45,20.07,20.21,378200.0,0.0,1.0,19.944838133511947,20.221712435811565,19.845954454119223,19.984391605269035,378200.0
2010-01-20,20.09,20.31,19.71,20.1,298100.0,0.0,1.0,19.865731189997767,20.083275284661752,19.489973208305425,19.875619557937043,298100.0
2010-01-21,20.16,20.4881,19.5,20.0,283400.0,0.0,1.0,19.93494976557267,20.259387117660193,19.28231748158071,19.77673587854432,283400.0
2010-01-22,19.96,20.49,19.57,20.05,289100.0,0.0,1.0,19.73718240678723,20.261265907568653,19.351536057155617,19.82617771824068,289100.0
2010-01-25,20.15,20.4747,19.725,19.74,154700.0,0.0,1.0,19.9250613976334,20.246136704621566,19.504805760214335,19.51963831212324,154700.0
2010-01-26,19.66,20.26,19.24,19.97,458700.0,0.0,1.0,19.440531368609065,20.033833444965396,19.02521991515963,19.7470707747265,458700.0
2010-01-27,19.93,20.0,19.64,19.91,122700.0,0.0,1.0,19.707517302969414,19.77673587854432,19.42075463273052,19.68774056709087,122700.0
2010-01-28,20.0,20.1599,19.15,19.29,207100.0,0.0,1.0,19.77673587854432,19.93485088189328,18.936224603706183,19.074661754855995,207100.0
2010-01-29,19.31,19.97,19.3,19.4,192000.0,0.0,1.0,19.09443849073454,19.7470707747265,19.084550122795267,19.183433802187988,192000.0
2010-02-01,19.49,19.99,19.42,19.79,233800.0,0.0,1.0,19.272429113641437,19.766847510605043,19.203210538066536,19.569080151819602,233800.0
2010-02-02,19.74,19.74,18.88,19.49,363900.0,0.0,1.0,19.51963831212324,19.51963831212324,18.669238669345834,19.272429113641437,363900.0
2010-02-03,19.44,19.615,19.0,19.12,91400.0,0.0,1.0,19.22298727394508,19.39603371288234,18.787899084617102,18.90655949988837,91400.0
2010-02-04,18.93,19.01,18.0,18.01,329500.0,0.0,1.0,18.718680509042198,18.797787452556374,17.799062290689886,17.80895065862916,329500.0
2010-02-05,18.0,18.133,17.52,17.92,343200.0,0.0,1.0,17.799062290689886,17.930577584282204,17.324420629604823,17.71995534717571,343200.0
2010-02-08,17.85,18.6,17.53,17.87,214000.0,0.0,1.0,17.650736771600805,18.392364367046216,17.334308997544095,17.67051350747935,214000.0
2010-02-09,18.12,18.26,17.8,17.94,464300.0,0.0,1.0,17.917722705961154,18.056159857110963,17.601294931904444,17.739732083054253,464300.0
2010-02-10,17.84,18.0,17.05,17.29,587100.0,0.0,1.0,17.640848403661533,17.799062290689886,16.859667336459033,17.096988167001562,587100.0
2010-02-11,17.16,17.92,17.05,17.75,216800.0,0.0,1.0,16.968439383791026,17.71995534717571,16.859667336459033,17.55185309220808,216800.0
2010-02-12,17.53,17.9,17.53,17.86,294000.0,0.0,1.0,17.334308997544095,17.700178611297165,17.334308997544095,17.660625139540077,294000.0
2010-02-16,18.15,18.49,17.92,18.39,185900.0,0.0,1.0,17.947387809778967,18.28359231971422,17.71995534717571,18.1847086403215,185900.0
2010-02-17,18.53,18.68,18.26,18.45,211200.0,0.0,1.0,18.323145791471312,18.471471310560393,18.056159857110963,18.244038847957132,211200.0
2010-02-18,18.37,18.54,18.24,18.42,92700.0,0.0,1.0,18.16493190444296,18.33303415941058,18.036383121232415,18.21437374413932,92700.0
2010-02-19,18.43,18.45,17.93,17.94,315400.0,0.0,1.0,18.224262112078588,18.244038847957132,17.72984371511498,17.739732083054253,315400.0
2010-02-22,17.95,18.276,17.56,17.98,201300.0,0.0,1.0,17.749620450993525,18.0719812458138,17.36397410136191,17.77928555481134,201300.0
2010-02-23,17.95,18.01,17.27,17.72,542500.0,0.0,1.0,17.749620450993525,17.80895065862916,17.07721143112302,17.522187988390264,542500.0
2010-02-24,17.75,18.425,17.62,18.36,187100.0,0.0,1.0,17.55185309220808,18.219317928108953,17.423304308997544,18.155043536503683,187100.0
2010-02-25,18.08,18.5,17.95,18.1,204700.0,0.0,1.0,17.878169234204062,18.293480687653496,17.749620450993525,17.89794597008261,204700.0
2010-02-26,18.17,18.5,18.12,18.33,112600.0,0.0,1.0,17.967164545657514,18.293480687653496,17.917722705961154,18.125378432685867,112600.0
2010-03-01,18.5,19.21,18.383,19.12,360000.0,0.0,1.0,18.293480687653496,18.99555481134182,18.17778678276401,18.90655949988837,360000.0
2010-03-02,19.24,19.69,19.13,19.67,298800.0,0.0,1.0,19.02521991515963,19.47019647242688,18.91644786782764,19.450419736548337,298800.0
2010-03-03,19.65,20.028,19.27,19.97,404800.0,0.0,1.0,19.43064300066979,19.80442330877428,19.05488501897745,19.7470707747265,404800.0
2010-03-04,20.03,21.21,19.87,21.21,553000.0,0.0,1.0,19.806400982362135,20.973228399196252,19.648187095333782,20.973228399196252,553000.0
2010-03-05,21.45,21.62,20.96,21.4,546500.0,0.0,1.0,21.21054922973878,21.37865148470641,20.726019200714447,21.161107390042417,546500.0
2010-03-08,21.41,21.74,20.74,20.98,440100.0,0.0,1.0,21.170995757981693,21.49731189997767,20.508475106050458,20.74579593659299,440100.0
2010-03-09,21.02,21.49,20.72,21.17,559400.0,0.0,1.0,20.78534940835008,21.25010270149587,20.488698370171914,20.933674927439164,559400.0
2010-03-10,21.24,21.62,21.08,21.47,250400.0,0.0,1.0,21.002893503014064,21.37865148470641,20.844679615985708,21.230325965617325,250400.0
2010-03-11,21.4,21.56,20.64,21.54,481900.0,0.0,1.0,21.161107390042417,21.319321277070774,20.409591426657737,21.29954454119223,481900.0
2010-03-12,21.94,23.35,21.58,23.33,1976200.0,0.0,1.0,21.69507925876312,23.089339138200494,21.339098012949318,23.069562402321946,1976200.0
2010-03-15,22.52,23.06,21.17,22.11,1143200.0,0.0,1.0,22.268604599240902,22.802576467961597,20.933674927439164,21.863181513730744,1143200.0
2010-03-16,22.35,22.94,21.91,22.86,528700.0,0.0,1.0,22.100502344273277,22.683916052690336,21.6654141549453,22.604809109176156,528700.0
2010-03-17,23.01,23.1717,22.44,22.49,310500.0,0.0,1.0,22.75313462826524,22.91302953784327,22.189497655726726,22.238939495423086,310500.0
2010-03-18,22.49,22.73,21.88,22.64,237100.0,0.0,1.0,22.238939495423086,22.47626032596562,21.635749051127483,22.38726501451217,237100.0
2010-03-19,22.49,22.5,21.61,21.7,448500.0,0.0,1.0,22.238939495423086,22.248827863362358,21.368763116767134,21.457758428220586,448500.0
2010-03-22,21.51,22.15,21.32,22.07,339700.0,0.0,1.0,21.269879437374417,21.902734985487832,21.082000446528244,21.823628041973656,339700.0
2010-03-23,22.14,22.3,21.62,22.21,290200.0,0.0,1.0,21.89284661754856,22.051060504576917,21.37865148470641,21.962065193123465,290200.0
2010-03-24,22.06,22.29,21.0,21.97,288800.0,0.0,1.0,21.81373967403438,22.04117213663764,20.765572672471535,21.724744362580932,288800.0
2010-03-25,22.14,23.28,22.0,22.72,545300.0,0.0,1.0,21.89284661754856,23.02012056262559,21.75440946639875,22.466371958026343,545300.0
2010-03-26,22.98,23.14,22.4,22.5,254300.0,0.0,1.0,22.72346952444742,22.881683411475777,22.149944183969634,22.248827863362358,254300.0
2010-03-29,22.68,22.9,22.33,22.81,209600.0,0.0,1.0,22.426818486269255,22.644362580933244,22.08072560839473,22.555367269479795,209600.0
2010-03-30,22.98,23.45,22.8,23.21,345100.0,0.0,1.0,22.72346952444742,23.18822281759321,22.545478901540523,22.95090198705068,345100.0
2010-03-31,23.22,23.39,22.54,22.62,459800.0,0.0,1.0,22.960790354989953,23.128892609957582,22.288381335119446,22.367488278633626,459800.0
2010-04-01,22.81,23.0194,21.84,22.15,421600.0,0.0,1.0,22.555367269479795,22.762429694128155,21.596195579370395,21.902734985487832,421600.0
2010-04-05,22.26,22.63,21.64,22.63,501500.0,0.0,1.0,22.01150703281983,22.377376646572895,21.398428220584954,22.377376646572895,501500.0
2010-04-06,22.65,23.26,22.58,23.19,261700.0,0.0,1.0,22.39715338245144,23.000343826747045,22.327934806876534,22.931125251172137,261700.0
2010-04-07,23.1,23.2,22.09,22.2,340100.0,0.0,1.0,22.84212993971869,22.94101361911141,21.8434047778522,21.952176825184193,340100.0
2010-04-08,22.19,22.47,21.89,22.15,137200.0,0.0,1.0,21.94228845724492,22.219162759544542,21.645637419066755,21.902734985487832,137200.0
2010-04-09,22.18,23.38,22.18,23.2,428400.0,0.0,1.0,21.93240008930565,23.119004242018306,21.93240008930565,22.94101361911141,428400.0
2010-04-12,23.14,24.1,23.04,23.22,759100.0,0.0,1.0,22.881683411475777,23.830966733645905,22.782799732083053,22.960790354989953,759100.0
2010-04-13,23.14,23.14,22.44,22.84,248300.0,0.0,1.0,22.881683411475777,22.881683411475777,22.189497655726726,22.58503237329761,248300.0
2010-04-14,23.03,23.29,22.72,23.26,240000.0,0.0,1.0,22.772911364143784,23.030008930564858,22.466371958026343,23.000343826747045,240000.0
2010-04-15,23.36,24.0899,23.3101,23.81,269700.0,0.0,1.0,23.099227506139762,23.820979482027237,23.049884550122794,23.544204063407008,269700.0
2010-04-16,23.81,23.98,23.1,23.61,206400.0,0.0,1.0,23.544204063407008,23.712306318374637,22.84212993971869,23.346436704621567,206400.0
2010-04-19,23.47,23.52,22.06,22.17,432000.0,0.0,1.0,23.207999553471755,23.25744139316812,21.81373967403438,21.92251172136638,432000.0
2010-04-20,22.28,22.88,22.25,22.82,214700.0,0.0,1.0,22.031283768698373,22.6245858450547,22.001618664880553,22.565255637419067,214700.0
2010-04-21,22.78,23.3,22.43,23.18,327400.0,0.0,1.0,22.52570216566198,23.03989729850413,22.179609287787454,22.921236883232865,327400.0
2010-04-22,22.99,24.854,22.75,24.588,602500.0,0.0,1.0,22.733357892386692,24.576549676267025,22.496037061844163,24.313519089082387,602500.0
2010-04-23,24.73,25.4,24.29,25.36,446800.0,0.0,1.0,24.453933913820048,25.116454565751283,24.018845724492074,25.076901093994195,446800.0
2010-04-26,25.46,25.76,24.73,24.97,268300.0,0.0,1.0,25.17578477338692,25.472435811565084,24.453933913820048,24.69125474436258,268300.0
2010-04-27,22.87,23.65,21.661,22.75,1543000.0,0.0,1.0,22.614697477115428,23.385990176378655,21.419193793257424,22.496037061844163,1543000.0
2010-04-28,23.31,23.72,22.86,22.98,407900.0,0.0,1.0,23.0497856664434,23.45520875195356,22.604809109176156,22.72346952444742,407900.0
2010-04-29,23.26,24.1,23.24,24.08,305000.0,0.0,1.0,23.000343826747045,23.830966733645905,22.980567090868497,23.811189997767357,305000.0
2010-04-30,24.15,24.75,23.09,23.12,353500.0,0.0,1.0,23.88040857334226,24.473710649698592,22.832241571779416,22.861906675597233,353500.0
2010-05-03,23.47,24.55,23.3,23.93,309600.0,0.0,1.0,23.207999553471755,24.27594329091315,23.03989729850413,23.662864478678276,309600.0
2010-05-04,23.74,23.77,22.83,23.01,254700.0,0.0,1.0,23.474985487832104,23.50465059164992,22.575144005358336,22.75313462826524,254700.0
2010-05-05,22.64,23.13,22.01,22.5,270700.0,0.0,1.0,22.38726501451217,22.8717950435365,21.764297834338024,22.248827863362358,270700.0
2010-05-06,22.48,22.77,20.71,21.99,430000.0,0.0,1.0,22.229051127483814,22.515813797722707,20.478810002232642,21.744521098459476,430000.0
2010-05-07,21.95,22.47,21.14,21.24,285300.0,0.0,1.0,21.704967626702388,22.219162759544542,20.904009823621344,21.002893503014064,285300.0
2010-05-10,22.66,23.0,22.2,22.82,353200.0,0.0,1.0,22.40704175039071,22.743246260325964,21.952176825184193,22.565255637419067,353200.0
2010-05-11,22.68,24.09,22.51,23.4,287300.0,0.0,1.0,22.426818486269255,23.82107836570663,22.25871623130163,23.13878097789685,287300.0
2010-05-12,23.58,25.04,23.33,24.7,299400.0,0.0,1.0,23.31677160080375,24.760473319937486,23.069562402321946,24.424268810002232,299400.0
2010-05-13,24.94,25.395,23.96,24.18,476300.0,0.0,1.0,24.661589640544765,25.11151038178165,23.692529582496093,23.91007367716008,476300.0
2010-05-14,23.88,24.23,23.5,23.74,240700.0,0.0,1.0,23.613422638981916,23.95951551685644,23.237664657289574,23.474985487832104,240700.0
2010-05-17,23.96,24.75,23.64,23.76,693900.0,0.0,1.0,23.692529582496093,24.473710649698592,23.376101808439383,23.49476222371065,693900.0
2010-05-18,23.93,24.5,23.47,23.5,195600.0,0.0,1.0,23.662864478678276,24.22650145121679,23.207999553471755,23.237664657289574,195600.0
2010-05-19,23.31,23.97,22.91,23.51,203300.0,0.0,1.0,23.0497856664434,23.702417950435365,22.654250948872516,23.247553025228846,203300.0
2010-05-20,22.85,22.9662,22.1,22.16,313300.0,0.0,1.0,22.594920741236884,22.709823576691228,21.853293145791472,21.912623353427104,313300.0
2010-05-21,21.7,23.83,21.35,23.32,422500.0,0.0,1.0,21.457758428220586,23.563980799285552,21.11166555034606,23.059674034382674,422500.0
2010-05-24,23.33,24.07,23.33,23.55,244100.0,0.0,1.0,23.069562402321946,23.80130162982809,23.069562402321946,23.287106496985935,244100.0
2010-05-25,22.71,23.09,22.0,22.86,464200.0,0.0,1.0,22.456483590087075,22.832241571779416,21.75440946639875,22.604809109176156,464200.0
2010-05-26,23.18,24.09,22.79,23.62,759700.0,0.0,1.0,22.921236883232865,23.82107836570663,22.53559053360125,23.35632507256084,759700.0
2010-05-27,24.32,24.78,23.24,24.59,317200.0,0.0,1.0,24.04851082830989,24.503375753516412,22.980567090868497,24.31549676267024,317200.0
2010-05-28,25.25,26.0,24.81,25.58,636300.0,0.0,1.0,24.968129046662202,25.709756642107614,24.533040857334225,25.29444518865818,636300.0
2010-06-01,25.41,25.98,24.75,24.75,487900.0,0.0,1.0,25.126342933690555,25.68997990622907,24.473710649698592,24.473710649698592,487900.0
2010-06-02,24.82,25.09,22.86,23.59,1154600.0,0.0,1.0,24.5429292252735,24.809915159633846,22.604809109176156,23.326659968743023,1154600.0
2010-06-03,23.55,24.1399,23.17,23.9,482500.0,0.0,1.0,23.287106496985935,23.8704213217236,22.911348515293593,23.63319937486046,482500.0
2010-06-04,23.7,23.9,22.73,23.16,781100.0,0.0,1.0,23.435432016075016,23.63319937486046,22.47626032596562,22.90146014735432,781100.0
2010-06-07,23.4,23.48,21.57,22.23,925800.0,0.0,1.0,23.13878097789685,23.21788792141103,21.329209645010046,21.98184192900201,925800.0
2010-06-08,22.28,22.52,21.25,21.42,577600.0,0.0,1.0,22.031283768698373,22.268604599240902,21.012781870953336,21.180884125920965,577600.0
2010-06-09,21.6,22.19,21.24,21.9,930300.0,0.0,1.0,21.358874748827866,21.94228845724492,21.002893503014064,21.655525787006027,930300.0
2010-06-10,22.19,22.6,21.92,22.4,849200.0,0.0,1.0,21.94228845724492,22.347711542755082,21.675302522884575,22.149944183969634,849200.0
2010-06-11,22.67,24.87,22.62,24.68,5334600.0,0.0,1.0,22.416930118329986,24.59237106496986,22.367488278633626,24.404492074123688,5334600.0
2010-06-14,24.75,24.8899,23.75,24.53,1084400.0,0.0,1.0,24.473710649698592,24.612048917169012,23.48487385577138,24.256166555034607,1084400.0
2010-06-15,25.18,25.37,24.81,25.12,889300.0,0.0,1.0,24.898910471087298,25.086789461933467,24.533040857334225,24.839580263451666,889300.0
2010-06-16,25.04,26.5,24.86,25.85,1434600.0,0.0,1.0,24.760473319937486,26.20417503907122,24.58248269703059,25.561431123018533,1434600.0
2010-06-17,26.13,26.46,24.86,25.8,677800.0,0.0,1.0,25.83830542531815,26.164621567314132,24.58248269703059,25.511989283322173,677800.0
2010-06-18,25.97,26.49,25.83,26.18,781800.0,0.0,1.0,25.680091538289798,26.194286671131948,25.541654387139985,25.88774726501451,781800.0
2010-06-21,26.49,26.75,25.13,25.55,864400.0,0.0,1.0,26.194286671131948,26.451384237553025,24.849468631390934,25.264780084840368,864400.0
2010-06-22,25.53,25.87,24.9101,25.05,702000.0,0.0,1.0,25.245003348961824,25.581207858897077,24.63202342040634,24.770361687876758,702000.0
2010-06-23,25.0,25.21,24.46,24.965,506100.0,0.0,1.0,24.720919848180397,24.928575574905114,24.186947979459703,24.686310560392943,506100.0
2010-06-24,24.75,24.808,24.1,24.42,564800.0,0.0,1.0,24.473710649698592,24.531063183746372,23.830966733645905,24.147394507702614,564800.0
2010-06-25,24.47,24.92,23.86,24.92,897500.0,0.0,1.0,24.19683634739897,24.64181290466622,23.593645903103372,24.64181290466622,897500.0
2010-06-28,24.93,26.03,24.92,25.82,727000.0,0.0,1.0,24.651701272605493,25.73942174592543,24.64181290466622,25.531766019200717,727000.0
2010-06-29,25.26,25.26,23.81,24.04,669800.0,0.0,1.0,24.978017414601474,24.978017414601474,23.544204063407008,23.77163652601027,669800.0
2010-06-30,23.97,24.48,23.42,23.655,479300.0,0.0,1.0,23.702417950435365,24.206724715338247,23.158557713775398,23.390934360348293,479300.0
2010-07-01,23.75,23.99,22.68,23.0,1364600.0,0.0,1.0,23.48487385577138,23.72219468631391,22.426818486269255,22.743246260325964,1364600.0
2010-07-02,23.12,23.31,22.7903,23.08,488800.0,0.0,1.0,22.861906675597233,23.0497856664434,22.535887184639428,22.82235320384014,488800.0
2010-07-06,23.3,23.88,22.02,22.21,933200.0,0.0,1.0,23.03989729850413,23.613422638981916,21.774186202277296,21.962065193123465,933200.0
2010-07-07,22.22,23.46,22.06,23.35,789800.0,0.0,1.0,21.971953561062737,23.198111185532486,21.81373967403438,23.089339138200494,789800.0
2010-07-08,23.61,23.73,22.61,22.97,539000.0,0.0,1.0,23.346436704621567,23.465097119892835,22.35759991069435,22.71358115650815,539000.0
2010-07-09,22.95,23.54,22.5,23.51,281400.0,0.0,1.0,22.693804420629604,23.277218129046663,22.248827863362358,23.247553025228846,281400.0
2010-07-12,23.44,23.48,22.51,23.09,412400.0,0.0,1.0,23.178334449653942,23.21788792141103,22.25871623130163,22.832241571779416,412400.0
2010-07-13,23.49,23.93,23.045,23.89,437300.0,0.0,1.0,23.2277762893503,23.662864478678276,22.787743916052694,23.62331100692119,437300.0
2010-07-14,23.74,23.74,22.78,23.6,391600.0,0.0,1.0,23.474985487832104,23.474985487832104,22.52570216566198,23.3365483366823,391600.0
2010-07-15,23.56,23.56,22.73,23.3,378700.0,0.0,1.0,23.296994864925207,23.296994864925207,22.47626032596562,23.03989729850413,378700.0
2010-07-16,23.03,23.06,22.59,22.77,564000.0,0.0,1.0,22.772911364143784,22.802576467961597,22.337823174815806,22.515813797722707,564000.0
2010-07-19,22.9,23.06,22.51,22.9,495700.0,0.0,1.0,22.644362580933244,22.802576467961597,22.25871623130163,22.644362580933244,495700.0
2010-07-20,22.66,23.24,22.23,23.15,445800.0,0.0,1.0,22.40704175039071,22.980567090868497,21.98184192900201,22.891571779415045,445800.0
2010-07-21,23.31,23.31,22.45,22.86,321700.0,0.0,1.0,23.0497856664434,23.0497856664434,22.199386023665998,22.604809109176156,321700.0
2010-07-22,23.27,24.17,23.07,24.12,477200.0,0.0,1.0,23.010232194686314,23.90018530922081,22.812464835900872,23.85074346952445,477200.0
2010-07-23,24.08,24.76,23.85,24.74,423900.0,0.0,1.0,23.811189997767357,24.483599017637868,23.5837575351641,24.46382228175932,423900.0
2010-07-26,24.83,25.5,24.65,25.43,444300.0,0.0,1.0,24.55281759321277,25.215338245144007,24.37482697030587,25.1461196695691,444300.0
2010-07-27,25.55,25.8895,24.41,24.67,346400.0,0.0,1.0,25.264780084840368,25.600490176378656,24.13750613976334,24.39460370618442,346400.0
2010-07-28,24.56,24.82,24.11,24.61,288400.0,0.0,1.0,24.28583165885242,24.5429292252735,23.840855101585174,24.335273498548784,288400.0
2010-07-29,24.93,25.67,24.77,25.44,815300.0,0.0,1.0,24.651701272605493,25.383440500111632,24.493487385577136,25.156008037508375,815300.0
2010-07-30,25.03,25.53,24.68,25.26,527900.0,0.0,1.0,24.750584951998214,25.245003348961824,24.404492074123688,24.978017414601474,527900.0
2010-08-02,25.65,25.87,25.17,25.43,393800.0,0.0,1.0,25.363663764233088,25.581207858897077,24.889022103148026,25.1461196695691,393800.0
2010-08-03,25.38,25.49,24.51,25.33,503300.0,0.0,1.0,25.09667782987274,25.20544987720473,24.236389819156063,25.04723599017638,503300.0
2010-08-04,25.45,25.45,24.73,24.9,339700.0,0.0,1.0,25.165896405447644,25.165896405447644,24.453933913820048,24.622036168787673,339700.0
2010-08-05,24.74,24.97,24.17,24.89,345400.0,0.0,1.0,24.46382228175932,24.69125474436258,23.90018530922081,24.612147800848405,345400.0
2010-08-06,24.44,24.88,23.5601,24.79,482400.0,0.0,1.0,24.16717124358116,24.60225943290913,23.2970937486046,24.51326412145568,482400.0
2010-08-09,24.9,25.0,24.43,24.71,308300.0,0.0,1.0,24.622036168787673,24.720919848180397,24.157282875641883,24.434157177941508,308300.0
2010-08-10,24.45,24.66,23.96,24.09,364900.0,0.0,1.0,24.177059611520427,24.384715338245144,23.692529582496093,23.82107836570663,364900.0
2010-08-11,23.5,23.9,22.84,22.95,495700.0,0.0,1.0,23.237664657289574,23.63319937486046,22.58503237329761,22.693804420629604,495700.0
2010-08-12,22.52,23.25,22.11,22.97,265800.0,0.0,1.0,22.268604599240902,22.99045545880777,21.863181513730744,22.71358115650815,265800.0
2010-08-13,22.81,23.045,22.06,22.18,449300.0,0.0,1.0,22.555367269479795,22.787743916052694,21.81373967403438,21.93240008930565,449300.0
2010-08-16,22.14,22.93,21.8301,22.58,401800.0,0.0,1.0,21.89284661754856,22.67402768475106,21.58640609511052,22.327934806876534,401800.0
2010-08-17,22.88,23.53,22.71,23.24,361200.0,0.0,1.0,22.6245858450547,23.26732976110739,22.456483590087075,22.980567090868497,361200.0
2010-08-18,23.09,24.15,22.75,24.04,381300.0,0.0,1.0,22.832241571779416,23.88040857334226,22.496037061844163,23.77163652601027,381300.0
2010-08-19,24.05,24.29,23.41,23.44,522600.0,0.0,1.0,23.781524893949545,24.018845724492074,23.148669345836126,23.178334449653942,522600.0
2010-08-20,23.4,23.55,22.88,23.36,530000.0,0.0,1.0,23.13878097789685,23.287106496985935,22.6245858450547,23.099227506139762,530000.0
2010-08-23,23.44,23.7,23.16,23.19,326400.0,0.0,1.0,23.178334449653942,23.435432016075016,22.90146014735432,22.931125251172137,326400.0
2010-08-24,22.92,23.4,22.201,22.9625,364100.0,0.0,1.0,22.66413931681179,23.13878097789685,21.953165661978122,22.706164880553693,364100.0
2010-08-25,22.69,23.65,22.69,23.58,266600.0,0.0,1.0,22.43670685420853,23.385990176378655,22.43670685420853,23.31677160080375,266600.0
2010-08-26,23.74,23.97,23.13,23.27,385300.0,0.0,1.0,23.474985487832104,23.702417950435365,22.8717950435365,23.010232194686314,385300.0
2010-08-27,23.64,23.98,23.21,23.71,309200.0,0.0,1.0,23.376101808439383,23.712306318374637,22.95090198705068,23.44532038401429,309200.0
2010-08-30,23.52,23.79,23.21,23.535,615500.0,0.0,1.0,23.25744139316812,23.524427327528464,22.95090198705068,23.272273945077025,615500.0
2010-08-31,23.56,23.56,22.45,22.7,769100.0,0.0,1.0,23.296994864925207,23.296994864925207,22.199386023665998,22.4465952221478,769100.0
2010-09-01,22.93,23.22,20.67,22.26,3352200.0,0.0,1.0,22.67402768475106,22.960790354989953,20.439256530475554,22.01150703281983,3352200.0
2010-09-02,22.29,23.49,21.6,22.23,1406700.0,0.0,1.0,22.04117213663764,23.2277762893503,21.358874748827866,21.98184192900201,1406700.0
2010-09-03,25.23,26.47,24.3,26.3,3125700.0,0.0,1.0,24.94835231078366,26.174509935253404,24.028734092431346,26.00640768028578,3125700.0
2010-09-07,26.41,26.74,26.06,26.4,859700.0,0.0,1.0,26.11517972761777,26.441495869613753,25.769086849743246,26.1052913596785,859700.0
2010-09-08,26.75,26.95,26.39,26.71,813700.0,0.0,1.0,26.451384237553025,26.649151596338466,26.095402991739228,26.411830765795937,813700.0
2010-09-09,26.92,26.96,25.97,26.35,419400.0,0.0,1.0,26.619486492520654,26.659039964277742,25.680091538289798,26.05584951998214,419400.0
2010-09-10,26.36,26.88,26.19,26.21,363800.0,0.0,1.0,26.06573788792141,26.579933020763562,25.897635632953786,25.91741236883233,363800.0
2010-09-13,26.5,27.7,26.41,27.65,774900.0,0.0,1.0,26.20417503907122,27.39077919178388,26.11517972761777,27.341337352087518,774900.0
2010-09-14,27.52,29.25,27.34,28.59,1039300.0,0.0,1.0,27.21278856887698,28.923476222371065,27.034797945970084,28.2708439383791,1039300.0
2010-09-15,28.4,28.56,27.87,28.01,445300.0,0.0,1.0,28.08296494753293,28.241178834561286,27.55888144675151,27.69731859790132,445300.0
2010-09-16,27.89,28.15,27.5303,28.03,250700.0,0.0,1.0,27.57865818263005,27.835755749051128,27.222973587854433,27.717095333779863,250700.0
2010-09-17,28.33,28.45,27.54,28.15,446300.0,0.0,1.0,28.013746371958025,28.132406787229293,27.232565304755525,27.835755749051128,446300.0
2010-09-20,28.31,28.33,27.54,28.23,504900.0,0.0,1.0,27.99396963607948,28.013746371958025,27.232565304755525,27.914862692565304,504900.0
2010-09-21,28.35,29.47,28.35,29.11,1023600.0,0.0,1.0,28.033523107836572,29.14102031703505,28.033523107836572,28.785039071221256,1023600.0
2010-09-22,29.05,29.13,27.77,27.94,627000.0,0.0,1.0,28.725708863585623,28.8048158070998,27.459997767358786,27.628100022326414,627000.0
2010-09-23,27.62,28.37,27.51,27.66,534600.0,0.0,1.0,27.311672248269705,28.053299843715116,27.202900200937712,27.351225720026793,534600.0
2010-09-24,28.1,28.94,28.0217,28.93,409900.0,0.0,1.0,27.786313909354767,28.61693681625363,27.708887988390266,28.607048448314355,409900.0
2010-09-27,29.02,29.1634,28.6,28.64,385700.0,0.0,1.0,28.696043759767804,28.837842956016967,28.280732306318377,28.320285778075466,385700.0
2010-09-28,28.81,29.47,28.09,29.35,623000.0,0.0,1.0,28.48838803304309,29.14102031703505,27.776425541415495,29.02235990176379,623000.0
2010-09-29,29.39,30.19,28.96,29.82,732000.0,0.0,1.0,29.061913373520877,29.85298280866265,28.636713552132175,29.48711319490958,732000.0
2010-09-30,29.99,29.99,29.01,29.2,483000.0,0.0,1.0,29.655215449877204,29.655215449877204,28.686155391828535,28.874034382674704,483000.0
2010-10-01,29.2,29.54,28.81,29.35,380500.0,0.0,1.0,28.874034382674704,29.210238892609958,28.48838803304309,29.02235990176379,380500.0
2010-10-04,29.53,29.63,28.26,28.41,634000.0,0.0,1.0,29.200350524670686,29.299234204063406,27.944527796383124,28.092853315472205,634000.0
2010-10-05,28.79,29.3099,28.47,28.69,461200.0,0.0,1.0,28.468611297164546,28.982707546327305,28.152183523107837,28.369727617771826,461200.0
2010-10-06,28.67,28.94,28.05,28.3,524300.0,0.0,1.0,28.34995088189328,28.61693681625363,27.736872069658407,27.984081268140212,524300.0
2010-10-07,28.6,28.86,27.76,28.53,812000.0,0.0,1.0,28.280732306318377,28.53782987273945,27.450109399419514,28.21151373074347,812000.0
2010-10-08,28.59,29.11,28.57,28.96,373300.0,0.0,1.0,28.2708439383791,28.785039071221256,28.251067202500558,28.636713552132175,373300.0
2010-10-11,28.82,29.25,28.52,29.03,231300.0,0.0,1.0,28.498276400982363,28.923476222371065,28.201625362804197,28.70593212770708,231300.0
2010-10-12,28.86,31.0,28.8,30.9,1571900.0,0.0,1.0,28.53782987273945,30.653940611743693,28.47849966510382,30.55505693235097,1571900.0
2010-10-13,31.0,31.56,30.33,30.88,797800.0,0.0,1.0,30.653940611743693,31.20768921634293,29.991419959812458,30.535280196472428,797800.0
2010-10-14,30.33,30.51,29.61,30.42,697500.0,0.0,1.0,29.991419959812458,30.169410582719358,29.279457468184862,30.08041527126591,697500.0
2010-10-15,30.78,31.05,30.225,31.01,479000.0,0.0,1.0,30.436396517079707,30.703382451440053,29.887592096450103,30.663828979682968,479000.0
2010-10-18,31.18,31.73,31.1,31.66,500700.0,0.0,1.0,30.831931234650593,31.37579147131056,30.752824291136417,31.306572895735655,500700.0
2010-10-19,31.15,31.65,30.52,30.8,470800.0,0.0,1.0,30.802266130832773,31.296684527796383,30.17929895065863,30.45617325295825,470800.0
2010-10-20,30.89,31.47,30.64,30.72,320600.0,0.0,1.0,30.5451685644117,31.118693904889483,30.297959365929895,30.37706630944407,320600.0
2010-10-21,30.85,31.58,30.61,30.89,312000.0,0.0,1.0,30.50561509265461,31.227465952221475,30.26829426211208,30.5451685644117,312000.0
2010-10-22,30.92,31.22,30.5,31.07,236600.0,0.0,1.0,30.574833668229516,30.871484706407678,30.159522214780086,30.723159187318597,236600.0
2010-10-25,31.23,32.5,31.19,32.1,434600.0,0.0,1.0,30.881373074346953,32.137195802634515,30.841819602589865,31.741661085063633,434600.0
2010-10-26,31.83,32.6797,31.62,32.33,332300.0,0.0,1.0,31.47467515070328,32.314889774503236,31.267019423978567,31.969093547666887,332300.0
2010-10-27,32.25,32.25,31.37,31.59,464100.0,0.0,1.0,31.889986604152714,31.889986604152714,31.019810225496762,31.23735432016075,464100.0
2010-10-28,31.7,32.03,31.01,31.14,353900.0,0.0,1.0,31.346126367492744,31.672442509488725,30.663828979682968,30.792377762893505,353900.0
2010-10-29,31.0,31.21,30.68,30.69,373400.0,0.0,1.0,30.653940611743693,30.86159633846841,30.337512837686983,30.34740120562626,373400.0
2010-11-01,31.36,31.36,30.01,30.41,574600.0,0.0,1.0,31.00992185755749,31.00992185755749,29.67499218575575,30.070526903326638,574600.0
2010-11-02,30.85,31.01,30.09,30.81,293200.0,0.0,1.0,30.50561509265461,30.663828979682968,29.754099129269928,30.46606162089752,293200.0
2010-11-03,30.85,31.85,30.8,31.67,254200.0,0.0,1.0,30.50561509265461,31.494451886581828,30.45617325295825,31.31646126367493,254200.0
2010-11-04,31.84,32.19,31.39,31.86,298400.0,0.0,1.0,31.484563518642556,31.830656396517078,31.039586961375306,31.504340254521097,298400.0
2010-11-05,32.02,32.34,31.6518,32.3,206600.0,0.0,1.0,31.662554141549457,31.978981915606166,31.298464434025455,31.93942844384907,206600.0
2010-11-08,32.33,33.5,32.2101,33.03,343800.0,0.0,1.0,31.969093547666887,33.126032596561735,31.850532016075014,32.661279303415945,343800.0
2010-11-09,33.29,33.29,32.401,32.61,241100.0,0.0,1.0,32.91837686983702,32.91837686983702,32.039300960035725,32.24596784996651,241100.0
2010-11-10,32.65,33.0,32.3541,33.0,164500.0,0.0,1.0,32.2855213217236,32.631614199598125,31.99292451440054,32.631614199598125,164500.0
2010-11-11,32.62,32.89,32.32,32.75,188200.0,0.0,1.0,32.25585621790578,32.52284215226613,31.95920517972762,32.38440500111632,188200.0
2010-11-12,32.43,32.74,31.82,31.98,316900.0,0.0,1.0,32.067977227059615,32.37451663317705,31.464786782764012,31.623000669792365,316900.0
2010-11-15,32.01,32.2,31.51,31.8,159700.0,0.0,1.0,31.652665773610178,31.840544764456354,31.158247376646575,31.445010046885468,159700.0
2010-11-16,31.49,31.73,30.51,31.57,369200.0,0.0,1.0,31.138470640768027,31.37579147131056,30.169410582719358,31.217577584282207,369200.0
2010-11-17,31.39,31.86,31.0133,31.5,149900.0,0.0,1.0,31.039586961375306,31.504340254521097,30.667092141102927,31.148359008707303,149900.0
2010-11-18,31.76,32.68,31.76,31.97,200200.0,0.0,1.0,31.40545657512838,32.31518642554141,31.40545657512838,31.613112301853093,200200.0
2010-11-19,32.04,32.05,31.6401,31.95,305000.0,0.0,1.0,31.682330877427997,31.692219245367266,31.286895043536504,31.59333556597455,305000.0
2010-11-22,31.95,32.87,31.29,32.68,429900.0,0.0,1.0,31.59333556597455,32.503065416387585,30.940703281982586,32.31518642554141,429900.0
2010-11-23,32.27,33.5,32.24,33.48,410700.0,0.0,1.0,31.90976334003126,33.126032596561735,31.880098236213442,33.106255860683184,410700.0
2010-11-24,33.76,35.0,33.59,34.47,663700.0,0.0,1.0,33.38313016298281,34.60928778745256,33.21502790801519,34.08520428667113,663700.0
2010-11-26,34.44,35.05,34.33,34.99,163100.0,0.0,1.0,34.055539182853316,34.658729627148915,33.94676713552132,34.59939941951329,163100.0
2010-11-29,34.37,35.55,34.2013,35.15,703000.0,0.0,1.0,33.98632060727841,35.153148024112525,33.81950384014289,34.757613306541636,703000.0
2010-11-30,34.64,35.96,34.5,34.95,785000.0,0.0,1.0,34.25330654163876,35.55857110962268,34.11486939048895,34.5598459477562,785000.0
2010-12-01,35.77,36.71,35.58,36.47,857500.0,0.0,1.0,35.37069211877652,36.3001987050681,35.18281312793034,36.06287787452556,857500.0
2010-12-02,36.42,37.24,35.37,35.72,1628200.0,0.0,1.0,36.013436034829205,36.82428220584952,34.97515740120562,35.321250279080154,1628200.0
2010-12-03,34.37,35.5784,33.76,35.22,1773600.0,0.0,1.0,33.98632060727841,35.18123098906006,33.38313016298281,34.826831882116544,1773600.0
2010-12-06,35.16,36.04,33.63,34.08,1074700.0,0.0,1.0,34.76750167448091,35.63767805313686,33.254581379772276,33.699557937039515,1074700.0
2010-12-07,34.61,34.92,33.76,33.86,631000.0,0.0,1.0,34.223641437820945,34.53018084393838,33.38313016298281,33.48201384237553,631000.0
2010-12-08,33.86,34.66,33.41,34.41,636700.0,0.0,1.0,33.48201384237553,34.2730832775173,33.03703728510828,34.025874079035496,636700.0
2010-12-09,35.31,35.35,33.73,34.76,650300.0,0.0,1.0,34.915827193569996,34.955380665327084,33.35346505916499,34.37196695691002,650300.0
2010-12-10,34.93,34.93,34.23,34.71,418900.0,0.0,1.0,34.54006921187765,34.54006921187765,33.8478834561286,34.322525117213665,418900.0
2010-12-13,34.96,34.97,33.8,34.01,612300.0,0.0,1.0,34.56973431569547,34.57962268363474,33.4226836347399,33.630339361464614,612300.0
2010-12-14,33.78,34.21,33.01,33.16,616900.0,0.0,1.0,33.40290689886135,33.828106720250055,32.641502567537394,32.78982808662648,616900.0
2010-12-15,33.0,33.42,32.01,32.79,857500.0,0.0,1.0,32.631614199598125,33.04692565304756,31.652665773610178,32.42395847287341,857500.0
2010-12-16,32.61,34.33,32.6,34.09,538000.0,0.0,1.0,32.24596784996651,33.94676713552132,32.23607948202724,33.70944630497879,538000.0
2010-12-17,34.17,34.18,33.15,33.15,3264000.0,0.0,1.0,33.78855324849297,33.79844161643224,32.7799397186872,32.7799397186872,3264000.0
2010-12-20,33.29,33.8,33.0,33.03,615200.0,0.0,1.0,32.91837686983702,33.4226836347399,32.631614199598125,32.661279303415945,615200.0
2010-12-21,33.47,33.59,32.99,33.41,298800.0,0.0,1.0,33.096367492743916,33.21502790801519,32.62172583165886,33.03703728510828,298800.0
2010-12-22,33.37,34.7,33.13,34.49,692300.0,0.0,1.0,32.997483813351195,34.3126367492744,32.760162982808666,34.10498102254968,692300.0
2010-12-23,34.56,34.97,34.5,34.74,356800.0,0.0,1.0,34.17419959812458,34.57962268363474,34.11486939048895,34.352190221031485,356800.0
2010-12-27,34.74,34.84,33.75,34.15,297800.0,0.0,1.0,34.352190221031485,34.451073900424205,33.37324179504353,33.76877651261442,297800.0
2010-12-28,34.19,34.34,33.62,33.96,135100.0,0.0,1.0,33.80832998437151,33.956655503460595,33.24469301183299,33.58089752176825,135100.0
2010-12-29,33.99,34.42,33.81,34.27,125700.0,0.0,1.0,33.61056262558607,34.03576244697477,33.43257200267917,33.887436927885695,125700.0
2010-12-30,34.36,34.91,34.11,34.34,158000.0,0.0,1.0,33.97643223933914,34.520292475999106,33.729223040857335,33.956655503460595,158000.0
2010-12-31,34.24,34.57,33.63,34.0,219800.0,0.0,1.0,33.857771824067875,34.184087966063856,33.254581379772276,33.62045099352534,219800.0
2011-01-03,34.13,34.5,33.69,34.32,392400.0,0.0,1.0,33.74899977673588,34.11486939048895,33.3139115874079,33.93687876758205,392400.0
2011-01-04,34.48,34.8399,33.89,34.28,473900.0,0.0,1.0,34.095092654610404,34.450975016744806,33.51167894619335,33.89732529582496,473900.0
2011-01-05,34.11,34.75,33.89,34.52,530500.0,0.0,1.0,33.729223040857335,34.36207858897075,33.51167894619335,34.1346461263675,530500.0
2011-01-06,35.12,37.4822,35.1,37.18,1240700.0,0.0,1.0,34.72794820272382,37.063778477338694,34.70817146684528,36.76495199821389,1240700.0
2011-01-07,37.5,38.25,36.91,37.55,801600.0,0.0,1.0,37.081379772270594,37.82300736771601,36.49796606385354,37.13082161196695,801600.0
2011-01-10,37.44,38.0,36.76,37.85,523600.0,0.0,1.0,37.02204956463496,37.575798169234204,36.349640544764455,37.42747265014513,523600.0
2011-01-11,37.72,37.85,36.6312,37.17,667800.0,0.0,1.0,37.29892386693458,37.42747265014513,36.22227836570663,36.75506363027462,667800.0
2011-01-12,37.5,37.77,37.0,37.09,260600.0,0.0,1.0,37.081379772270594,37.34836570663095,36.58696137530699,36.67595668676044,260600.0
2011-01-13,37.22,37.35,36.83,37.12,263400.0,0.0,1.0,36.80450546997098,36.93305425318152,36.41885912033936,36.70562179057825,263400.0
2011-01-14,37.17,37.49,36.81,37.06,577500.0,0.0,1.0,36.75506363027462,37.071491404331326,36.39908238446082,36.646291582942624,577500.0
2011-01-18,36.9,37.21,36.2,36.45,527200.0,0.0,1.0,36.488077695914264,36.79461710203171,35.79589194016522,36.043101138647025,527200.0
2011-01-19,36.52,36.65,35.6,35.72,618700.0,0.0,1.0,36.112319714221925,36.24086849743246,35.20258986380889,35.321250279080154,618700.0
2011-01-20,35.37,36.94,35.37,36.12,535300.0,0.0,1.0,34.97515740120562,36.52763116767135,34.97515740120562,35.716784996651036,535300.0
2011-01-21,36.38,36.83,35.8,35.87,350400.0,0.0,1.0,35.97388256307212,36.41885912033936,35.40035722259433,35.46957579816923,350400.0
2011-01-24,35.81,36.24,35.5,36.09,260700.0,0.0,1.0,35.410245590533606,35.83544541192231,35.10370618441616,35.68711989283322,260700.0
2011-01-25,35.81,36.33,35.41,36.05,276300.0,0.0,1.0,35.410245590533606,35.92444072337575,35.01471087296271,35.64756642107613,276300.0
2011-01-26,36.17,36.78,35.45,36.65,374800.0,0.0,1.0,35.7662268363474,36.369417280643,35.054264344719805,36.24086849743246,374800.0
2011-01-27,36.68,37.16,36.24,37.06,367100.0,0.0,1.0,36.27053360125028,36.74517526233534,35.83544541192231,36.646291582942624,367100.0
2011-01-28,37.12,37.12,36.07,36.73,547000.0,0.0,1.0,36.70562179057825,36.70562179057825,35.66734315695468,36.319975440946635,547000.0
2011-01-31,36.9,37.26,36.13,37.04,571600.0,0.0,1.0,36.488077695914264,36.844058941728065,35.72667336459031,36.62651484706408,571600.0
2011-02-01,37.1,38.76,36.84,37.94,571600.0,0.0,1.0,36.68584505469971,38.32731413261889,36.42874748827864,37.51646796159857,571600.0
2011-02-02,37.9,37.98,36.785,36.91,466000.0,0.0,1.0,37.476914489841484,37.55602143335566,36.37436146461263,36.49796606385354,466000.0
2011-02-03,36.99,39.76,36.99,38.95,1102800.0,0.0,1.0,36.577073007367716,39.3161509265461,36.577073007367716,38.51519312346506,1102800.0
2011-02-04,39.31,40.34,38.99,40.07,769500.0,0.0,1.0,38.87117436927886,39.889676267023894,38.55474659522215,39.622690332663545,769500.0
2011-02-07,40.49,40.63,40.0,40.39,426500.0,0.0,1.0,40.03800178611297,40.17643893726279,39.55347175708864,39.93911810672025,426500.0
2011-02-08,40.22,41.24,40.01,41.2,291800.0,0.0,1.0,39.77101585175262,40.77962938155839,39.563360125027906,40.7400759098013,291800.0
2011-02-09,40.92,41.82,40.4301,41.21,497300.0,0.0,1.0,40.463201607501674,41.35315472203617,39.97877046215673,40.74996427774057,497300.0
2011-02-10,41.03,41.95,40.65,41.54,254300.0,0.0,1.0,40.57197365483367,41.48170350524671,40.196215673141324,41.07628041973655,254300.0
2011-02-11,41.36,42.63,41.33,42.59,287600.0,0.0,1.0,40.89828979682965,42.15411252511721,40.86862469301183,42.11455905336013,287600.0
2011-02-14,42.8,43.83,42.7,42.99,359200.0,0.0,1.0,42.322214780084835,43.340716677829874,42.22333110069212,42.510093770931014,359200.0
2011-02-15,42.73,42.76,41.7,42.32,394900.0,0.0,1.0,42.252996204509934,42.282661308327754,41.23449430676491,41.847573118999776,394900.0
2011-02-16,42.38,43.9,42.38,43.1,560000.0,0.0,1.0,41.906903326635415,43.409935253404775,41.906903326635415,42.618865818263004,560000.0
2011-02-17,43.17,43.445,42.55,43.32,363700.0,0.0,1.0,42.68808439383791,42.960014512167895,42.07500558160304,42.836409912926996,363700.0
2011-02-18,43.61,44.06,43.15,43.46,441200.0,0.0,1.0,43.12317258316588,43.568149140433135,42.66830765795937,42.974847064076805,441200.0
2011-02-22,43.25,43.99,42.43,42.55,684800.0,0.0,1.0,42.76719133735209,43.49893056485823,41.95634516633177,42.07500558160304,684800.0
2011-02-23,42.36,43.2399,40.06,41.03,759000.0,0.0,1.0,41.887126590756864,42.75720408573342,39.61280196472427,40.57197365483367,759000.0
2011-02-24,40.96,42.58,40.49,41.18,542400.0,0.0,1.0,40.50275507925876,42.10467068542085,40.03800178611297,40.720299173922754,542400.0
2011-02-25,41.34,43.43,41.34,42.97,397900.0,0.0,1.0,40.87851306095111,42.945181960258985,40.87851306095111,42.49031703505246,397900.0
2011-02-28,43.08,43.3698,41.52,41.73,478500.0,0.0,1.0,42.59908908238446,42.88565398526457,41.056503683858004,41.264159410582714,478500.0
2011-03-01,41.4,41.86,40.55,41.05,581900.0,0.0,1.0,40.93784326858674,41.392708193793254,40.097331993748604,40.59175039071221,581900.0
2011-03-02,40.84,41.74,40.25,41.1,438800.0,0.0,1.0,40.384094663987504,41.274047778522,39.80068095557044,40.64119223040858,438800.0
2011-03-03,41.62,42.68,41.12,42.25,374600.0,0.0,1.0,41.155387363250725,42.20355436481358,40.660968966287115,41.778354543424875,374600.0
2011-03-04,42.11,42.22,41.08,41.98,582800.0,0.0,1.0,41.63991739227506,41.748689439607055,40.62141549453003,41.51136860906452,582800.0
2011-03-07,42.99,43.16,40.48,41.27,707200.0,0.0,1.0,42.510093770931014,42.678196025898636,40.028113418173696,40.809294485376206,707200.0
2011-03-08,41.25,42.21,40.66,41.87,520200.0,0.0,1.0,40.789517749497655,41.73880107166779,40.20610404108059,41.40259656173253,520200.0
2011-03-09,41.66,42.28,41.0,41.13,705300.0,0.0,1.0,41.19494083500781,41.80801964724269,40.54230855101585,40.67085733422639,705300.0
2011-03-10,40.7,42.57,40.3401,42.11,1210000.0,0.0,1.0,40.24565751283769,42.09478231748158,39.88977515070328,41.63991739227506,1210000.0
2011-03-11,43.02,47.55,43.02,45.772,3042800.0,0.0,1.0,42.539758874748834,47.019189551239116,42.539758874748834,45.26103773163653,3042800.0
2011-03-14,45.68,47.2,45.68,46.95,1068400.0,0.0,1.0,45.17006474659522,46.6730966733646,45.17006474659522,46.42588747488279,1068400.0
2011-03-15,45.45,47.85,44.18,47.19,1074900.0,0.0,1.0,44.94263228399197,47.315840589417284,43.6868095557044,46.663208305425314,1074900.0
2011-03-16,46.7,47.93,45.63,46.2,978100.0,0.0,1.0,46.17867827640099,47.39494753293146,45.120622906898866,45.68425987943738,978100.0
2011-03-17,47.0,47.48,45.81,46.42,545200.0,0.0,1.0,46.47532931457915,46.94997097566421,45.29861352980576,45.90180397410136,545200.0
2011-03-18,47.5,47.53,45.69,46.77,1842600.0,0.0,1.0,46.96974771154276,46.99941281536057,45.17995311453449,46.24789685197589,1842600.0
2011-03-21,46.91,47.93,46.19,47.25,578200.0,0.0,1.0,46.3863340031257,47.39494753293146,45.6743715114981,46.722538513060954,578200.0
2011-03-22,47.25,47.42,46.39,46.47,431300.0,0.0,1.0,46.722538513060954,46.89064076802858,45.87213887028355,45.95124581379772,431300.0
2011-03-23,46.55,47.5295,45.98,47.27,549900.0,0.0,1.0,46.030352757311896,46.99891839696361,45.466715784773385,46.7423152489395,549900.0
2011-03-24,47.47,48.43,47.02,47.835,492900.0,0.0,1.0,46.94008260772494,47.889365929895064,46.49510605045769,47.301008037508375,492900.0
2011-03-25,47.83,48.45,47.54,47.65,325300.0,0.0,1.0,47.29606385353873,47.909142665773615,47.00930118329984,47.118073230631836,325300.0
2011-03-28,48.45,48.67,47.51,47.94,325900.0,0.0,1.0,47.909142665773615,48.1266867604376,46.97963607948203,47.40483590087073,325900.0
2011-03-29,47.65,48.135,47.34,47.79,508000.0,0.0,1.0,47.118073230631836,47.597659075686536,46.811533824514406,47.256510381781645,508000.0
2011-03-30,48.0,48.88,47.75,48.71,291200.0,0.0,1.0,47.46416610850636,48.33434248716232,47.21695691002456,48.16624023219469,291200.0
2011-03-31,48.71,48.84,47.95,48.13,266900.0,0.0,1.0,48.16624023219469,48.29478901540523,47.414724268810005,47.5927148917169,266900.0
2011-04-01,48.6,48.87,47.85,48.45,549000.0,0.0,1.0,48.05746818486269,48.32445411922304,47.315840589417284,47.909142665773615,549000.0
2011-04-04,48.63,48.78,47.65,48.28,290800.0,0.0,1.0,48.08713328868051,48.2354588077696,47.118073230631836,47.74104041080599,290800.0
2011-04-05,48.15,49.95,48.15,49.81,622000.0,0.0,1.0,47.612491627595446,49.39239785666444,47.612491627595446,49.25396070551463,622000.0
2011-04-06,49.92,50.15,49.01,49.85,344800.0,0.0,1.0,49.36273275284662,49.59016521544988,48.46289127037285,49.29351417727172,344800.0
2011-04-07,49.56,51.46,49.21,51.1,996800.0,0.0,1.0,49.006751507032824,50.88554141549453,48.6606586291583,50.529560169680735,996800.0
2011-04-08,51.72,51.72,50.1,50.69,386400.0,0.0,1.0,51.1426389819156,51.1426389819156,49.540723375753515,50.12413708417057,386400.0
2011-04-11,51.2,51.82,50.69,51.12,576600.0,0.0,1.0,50.628443849073456,51.24152266130833,50.12413708417057,50.54933690555927,576600.0
2011-04-12,50.87,51.72,50.42,50.51,503900.0,0.0,1.0,50.30212770707747,51.1426389819156,49.85715114981023,49.94614646126367,503900.0
2011-04-13,50.8,50.95,49.3,49.8,441700.0,0.0,1.0,50.232909131502566,50.38123465059165,48.74965394061174,49.244072337575346,441700.0
2011-04-14,49.45,50.025,49.01,49.59,555400.0,0.0,1.0,48.89797945970083,49.46656061620897,48.46289127037285,49.03641661085064,555400.0
2011-04-15,49.47,50.43,49.04,50.07,551100.0,0.0,1.0,48.91775619557937,49.8670395177495,48.49255637419067,49.5110582719357,551100.0
2011-04-18,49.84,50.41,48.62,50.12,430800.0,0.0,1.0,49.28362580933244,49.84726278187095,48.07724492074124,49.56050011163206,430800.0
2011-04-19,49.94,50.446,49.06,49.78,336400.0,0.0,1.0,49.38250948872516,49.88286090645233,48.512333110069214,49.22429560169681,336400.0
2011-04-20,50.51,53.11,50.51,53.02,743200.0,0.0,1.0,49.94614646126367,52.51712212547444,49.94614646126367,52.42812681402099,743200.0
2011-04-21,53.8,53.99,52.32,52.88,423400.0,0.0,1.0,53.19941951328421,53.38729850413039,51.73594105827193,52.28968966287118,423400.0
2011-04-25,53.29,53.89,51.96,52.72,347000.0,0.0,1.0,52.695112748381334,53.288414824737664,51.37995981245814,52.13147577584282,347000.0
2011-04-26,52.74,53.17,52.25,52.57,557100.0,0.0,1.0,52.15125251172137,52.57645233311007,51.66672248269703,51.98315025675374,557100.0
2011-04-27,52.6,53.08,51.75,52.91,326800.0,0.0,1.0,52.01281536057156,52.48745702165662,51.17230408573342,52.31935476668899,326800.0
2011-04-28,52.91,53.22,52.121,52.81,217000.0,0.0,1.0,52.31935476668899,52.62589417280643,51.53916253628042,52.220471087296275,217000.0
2011-04-29,52.95,53.37,52.34,53.19,294000.0,0.0,1.0,52.358908238446084,52.77421969189551,51.755717794150485,52.59622906898861,294000.0
2011-05-02,53.69,53.97,52.75,53.36,412700.0,0.0,1.0,53.09064746595222,53.36752176825184,52.16114087966064,52.76433132395624,412700.0
2011-05-03,53.11,53.36,51.73,52.4,359300.0,0.0,1.0,52.51712212547444,52.76433132395624,51.15252734985488,51.81504800178611,359300.0
2011-05-04,52.29,53.54,52.0,53.07,642300.0,0.0,1.0,51.70627595445412,52.94232194686314,51.41951328421523,52.47756865371735,642300.0
2011-05-05,53.15,54.22,52.15,53.13,659300.0,0.0,1.0,52.556675597231525,53.614730966733646,51.567838803304305,52.53689886135298,659300.0
2011-05-06,53.47,55.7,53.22,53.77,603000.0,0.0,1.0,52.87310337128823,55.07820942174593,52.62589417280643,53.1697544094664,603000.0
2011-05-09,53.99,54.82,53.5,54.57,224000.0,0.0,1.0,53.38729850413039,54.208033043089976,52.90276847510605,53.96082384460817,224000.0
2011-05-10,54.72,55.44,54.15,55.05,371500.0,0.0,1.0,54.109149363697256,54.82111185532485,53.54551239115874,54.43546550569323,371500.0
2011-05-11,55.1,55.25,53.528,54.3,317700.0,0.0,1.0,54.4849073453896,54.63323286447868,52.93045590533601,53.69383791024782,317700.0
2011-05-12,54.2,55.95,53.41,55.91,400000.0,0.0,1.0,53.5949542308551,55.32541862022773,52.8137731636526,55.28586514847064,400000.0
2011-05-13,56.11,56.87,54.94,55.51,427600.0,0.0,1.0,55.48363250725608,56.235148470640766,54.32669345836124,54.89033043089975,427600.0
2011-05-16,55.51,56.0,53.33,53.35,492900.0,0.0,1.0,54.89033043089975,55.37486045992409,52.73466622013842,52.75444295601697,492900.0
2011-05-17,52.9,53.19,50.99,52.23,661900.0,0.0,1.0,52.30946639874972,52.59622906898861,50.42078812234874,51.64694574681848,661900.0
2011-05-18,52.33,53.95,52.25,53.77,432000.0,0.0,1.0,51.74582942621121,53.347745032373304,51.66672248269703,53.1697544094664,432000.0
2011-05-19,53.75,54.1,53.2,53.45,496200.0,0.0,1.0,53.149977673587856,53.49607055146238,52.60611743692789,52.853326635409694,496200.0
2011-05-20,53.2,53.28,51.43,52.5,690300.0,0.0,1.0,52.60611743692789,52.685224380442065,50.85587631167672,51.91393168117884,690300.0
2011-05-23,51.49,52.882,50.43,52.41,646000.0,0.0,1.0,50.91520651931235,52.29166733645903,49.8670395177495,51.824936369725386,646000.0
2011-05-24,52.51,52.76,51.77,52.05,445700.0,0.0,1.0,51.923820049118106,52.17102924759991,51.192080821611974,51.468955123911584,445700.0
2011-05-25,51.76,53.18,51.55,52.83,280000.0,0.0,1.0,51.18219245367269,52.586340701049345,50.974536726947974,52.24024782317481,280000.0
2011-05-26,52.97,55.17,52.84,54.55,469400.0,0.0,1.0,52.37868497432463,54.5541259209645,52.250136191114095,53.94104710872963,469400.0
2011-05-27,54.82,55.29,54.41,55.25,306300.0,0.0,1.0,54.208033043089976,54.67278633623577,53.80260995757981,54.63323286447868,306300.0
2011-05-31,56.26,57.17,55.3,55.98,1317300.0,0.0,1.0,55.63195802634517,56.531799508818935,54.682674704175035,55.35508372404554,1317300.0
2011-06-01,56.22,56.6999,54.0,54.12,842600.0,0.0,1.0,55.59240455458808,56.066947331993745,53.39718687206966,53.515847287340925,842600.0
2011-06-02,53.92,53.9301,50.51,50.59,1406300.0,0.0,1.0,53.318079928555484,53.32806718017415,49.94614646126367,50.02525340477786,1406300.0
2011-06-03,49.99,51.61,48.68,51.06,1426700.0,0.0,1.0,49.431951328421526,51.033866934583614,48.13657512837687,50.49000669792365,1426700.0
2011-06-06,51.34,52.1,49.6,49.7,842700.0,0.0,1.0,50.766881000223265,51.51839696360795,49.04630497878991,49.14518865818263,842700.0
2011-06-07,49.99,50.5,49.34,49.61,1416800.0,0.0,1.0,49.431951328421526,49.936258093324405,48.78920741236884,49.05619334672918,1416800.0
2011-06-08,56.33,56.83,53.1,55.9,3945000.0,0.0,1.0,55.70117660192007,56.19559499888368,52.50723375753517,55.275976780531366,3945000.0
2011-06-09,55.94,57.25,55.186,57.05,1179600.0,0.0,1.0,55.315530252288454,56.61090645233311,54.569947309667334,56.41313909354766,1179600.0
2011-06-10,56.59,57.19,55.64,56.16,943900.0,0.0,1.0,55.95827416834115,56.55157624469748,55.01887921411029,55.53307434695244,943900.0
2011-06-13,56.16,58.22,55.51,57.75,1258800.0,0.0,1.0,55.53307434695244,57.57007814244251,54.89033043089975,57.10532484929672,1258800.0
2011-06-14,58.42,59.35,58.15,59.31,1233000.0,0.0,1.0,57.76784550122795,58.687463719580265,57.500859566867604,58.64791024782318,1233000.0
2011-06-15,58.63,59.4,56.9,57.03,1070900.0,0.0,1.0,57.97550122795267,58.73690555927662,56.264813574458586,56.393362357669126,1070900.0
2011-06-16,57.16,58.2,56.03,56.88,893200.0,0.0,1.0,56.52191114087966,57.55030140656397,55.404525563741906,56.24503683858004,893200.0
2011-06-17,57.24,57.96,56.72,57.42,1093300.0,0.0,1.0,56.60101808439384,57.31298057602144,56.08682295155168,56.77900870730074,1093300.0
2011-06-20,57.16,59.01,57.02,58.74,816500.0,0.0,1.0,56.52191114087966,58.35125920964501,56.38347398972986,58.084273275284666,816500.0
2011-06-21,59.3,62.39,59.0,62.08,1366600.0,0.0,1.0,58.6380218798839,61.693527573119,58.34137084170574,61.38698816700156,1366600.0
2011-06-22,61.66,62.69,61.05,61.49,867700.0,0.0,1.0,60.97167671355213,61.99017861129716,60.36848626925653,60.80357445858451,867700.0
2011-06-23,60.74,62.83,60.25,62.58,913100.0,0.0,1.0,60.0619468631391,62.12861576244698,59.57741683411476,61.88140656396517,913100.0
2011-06-24,63.04,63.05,61.9,62.82,4003400.0,0.0,1.0,62.33627148917169,62.34615985711096,61.208997544094665,62.1187273945077,4003400.0
2011-06-27,63.66,64.85,62.53,63.17,976300.0,0.0,1.0,62.94935030140656,64.12606608617995,61.831964724268815,62.464820272382234,976300.0
2011-06-28,63.68,64.5275,63.25,64.19,746000.0,0.0,1.0,62.96912703728511,63.80716622013843,62.5439272158964,63.473433802187984,746000.0
2011-06-29,64.56,64.89,62.933,63.35,610800.0,0.0,1.0,63.83930341594106,64.16561955793703,62.23046595222148,62.64281089528913,610800.0
2011-06-30,63.35,65.27,63.31,64.58,644300.0,0.0,1.0,62.64281089528913,64.54137753962938,62.60325742353204,63.859080151819605,644300.0
2011-07-01,64.79,65.35,64.12,65.18,520700.0,0.0,1.0,64.06673587854432,64.62048448314356,63.40421522661309,64.45238222817594,520700.0
2011-07-05,65.18,67.03,65.0759,66.82,686800.0,0.0,1.0,64.45238222817594,66.28173029694128,64.34944431792812,66.07407457021657,686800.0
2011-07-06,66.68,67.21,65.59,67.09,804000.0,0.0,1.0,65.93563741906677,66.45972091984818,64.8578053136861,66.34106050457692,804000.0
2011-07-07,67.85,68.8,66.52,66.69,699900.0,0.0,1.0,67.09257646796159,68.03197142219246,65.7774235320384,65.94552578700603,699900.0
2011-07-08,65.88,68.74,64.0,68.7,1059600.0,0.0,1.0,65.14456798392499,67.97264121455682,63.28555481134182,67.93308774279974,1059600.0
2011-07-11,68.42,68.44,64.83,64.96,896400.0,0.0,1.0,67.65621344050011,67.67599017637865,64.10628935030141,64.23483813351194,896400.0
2011-07-12,64.1,65.65,62.79,64.29,964600.0,0.0,1.0,63.38443849073453,64.91713552132173,62.08906229068989,63.57231748158072,964600.0
2011-07-13,64.86,66.33,64.5,64.87,531900.0,0.0,1.0,64.13595445411923,65.58954454119223,63.77997320830543,64.1458428220585,531900.0
2011-07-14,65.0,65.79,63.0,63.33,591600.0,0.0,1.0,64.27439160526903,65.05557267247154,62.296718017414605,62.62303415941058,591600.0
2011-07-15,63.98,64.33,62.18,64.31,583300.0,0.0,1.0,63.265778075463274,63.6118709533378,61.48587184639428,63.592094217459255,583300.0
2011-07-18,64.01,64.2,62.92,63.73,437000.0,0.0,1.0,63.295443179281094,63.483322170127266,62.21761107390043,63.01856887698147,437000.0
2011-07-19,63.98,66.131,63.98,65.75,521200.0,0.0,1.0,63.265778075463274,65.39276601920072,63.265778075463274,65.01601920071444,521200.0
2011-07-20,66.36,66.43,64.64,65.31,612600.0,0.0,1.0,65.61920964501005,65.68842822058495,63.91841035945524,64.58093101138647,612600.0
2011-07-21,65.88,67.14,65.27,65.72,488800.0,0.0,1.0,65.14456798392499,66.39050234427327,64.54137753962938,64.98635409689663,488800.0
2011-07-22,65.84,66.44,65.5,66.02,499000.0,0.0,1.0,65.1050145121679,65.69831658852422,64.76881000223264,65.28300513507479,499000.0
2011-07-25,65.55,66.66,65.0,65.09,521300.0,0.0,1.0,64.818251841929,65.91586068318821,64.27439160526903,64.36338691672249,521300.0
2011-07-26,65.05,65.96,64.64,64.94,449700.0,0.0,1.0,64.32383344496539,65.22367492743915,63.91841035945524,64.2150613976334,449700.0
2011-07-27,64.65,64.66,61.76,62.08,691100.0,0.0,1.0,63.92829872739451,63.938187095333774,61.070560392944856,61.38698816700156,691100.0
2011-07-28,62.07,63.91,62.0,62.78,974700.0,0.0,1.0,61.37709979906229,63.196559499888366,61.307881223487385,62.07917392275061,974700.0
2011-07-29,61.74,63.48,60.78,63.03,669100.0,0.0,1.0,61.05078365706631,62.771359678499664,60.10150033489619,62.32638312123242,669100.0
2011-08-01,64.62,65.75,62.36,63.23,550300.0,0.0,1.0,63.8986336235767,65.01601920071444,61.663862469301186,62.52415048001786,550300.0
2011-08-02,62.75,63.89,61.34,61.43,685500.0,0.0,1.0,62.0495088189328,63.17678276400982,60.65524893949543,60.744244250948874,685500.0
2011-08-03,61.31,62.72,58.59,62.08,891600.0,0.0,1.0,60.62558383567761,62.01984371511498,57.93594775619558,61.38698816700156,891600.0
2011-08-04,61.1,61.99,57.05,57.12,733300.0,0.0,1.0,60.41792810895289,61.29799285554812,56.41313909354766,56.48235766912257,733300.0
2011-08-05,55.48,57.35,52.41,56.39,1388400.0,0.0,1.0,54.86066532708193,56.70979013172583,51.824936369725386,55.76050680955571,1388400.0
2011-08-08,52.56,53.16,48.99,50.49,1742800.0,0.0,1.0,51.97326188881447,52.56656396517079,48.443114534494306,49.926369725385136,1742800.0
2011-08-09,50.17,55.5138,49.51,55.48,1035500.0,0.0,1.0,49.60994195132842,54.89408801071668,48.95730966733646,54.86066532708193,1035500.0
2011-08-10,53.91,55.64,52.67,53.08,593800.0,0.0,1.0,53.30819156061621,55.01887921411029,52.082033936146466,52.48745702165662,593800.0
2011-08-11,53.34,57.93,53.13,57.16,865600.0,0.0,1.0,52.7445545880777,57.28331547220362,52.53689886135298,56.52191114087966,865600.0
2011-08-12,59.84,60.57,57.35,59.39,1071300.0,0.0,1.0,59.171993748604606,59.89384460817147,56.70979013172583,58.72701719133735,1071300.0
2011-08-15,60.02,60.938,56.6419,57.71,852400.0,0.0,1.0,59.3499843715115,60.25773654833669,56.00959479794597,57.06577137753963,852400.0
2011-08-16,56.77,57.44,55.36,55.56,858900.0,0.0,1.0,56.13626479124805,56.79878544317928,54.742004911810675,54.939772270596116,858900.0
2011-08-17,55.97,56.37,52.37,53.31,980700.0,0.0,1.0,55.345195356106274,55.740730073677156,51.7853828979683,52.714889484259885,980700.0
2011-08-18,51.61,51.6701,49.5,50.08,1008400.0,0.0,1.0,51.033866934583614,51.09329602589864,48.947421299397185,49.52094663987497,1008400.0
2011-08-19,49.09,52.41,48.67,49.6,1111700.0,0.0,1.0,48.541998213887034,51.824936369725386,48.1266867604376,49.04630497878991,1111700.0
2011-08-22,49.67,50.5,48.44,48.89,1073200.0,0.0,1.0,49.11552355436481,49.936258093324405,47.89925429783434,48.344230855101586,1073200.0
2011-08-23,48.94,52.79,48.28,52.69,986800.0,0.0,1.0,48.39367269479794,52.200694351417724,47.74104041080599,52.101810672025,986800.0
2011-08-24,52.68,54.51,52.0,54.26,718900.0,0.0,1.0,52.091922304085735,53.90149363697254,51.41951328421523,53.654284438490734,718900.0
2011-08-25,54.73,55.97,53.19,53.48,945900.0,0.0,1.0,54.119037731636524,55.345195356106274,52.59622906898861,52.882991739227506,945900.0
2011-08-26,53.2,56.66,51.71,56.48,761200.0,0.0,1.0,52.60611743692789,56.02749274391605,51.132750613976334,55.84950212100915,761200.0
2011-08-29,57.78,59.45,57.0,58.97,609700.0,0.0,1.0,57.134989953114534,58.786347398972985,56.363697253851306,58.31170573788792,609700.0
2011-08-30,58.83,59.56,57.27,57.59,717500.0,0.0,1.0,58.17326858673811,58.89511944630498,56.630683188211655,56.94711096226837,717500.0
2011-08-31,58.13,59.91,57.9335,59.08,796400.0,0.0,1.0,57.48108283098907,59.2412123241795,57.28677640098236,58.420477785219916,796400.0
2011-09-01,59.26,59.66,57.32,57.6,490700.0,0.0,1.0,58.59846840812681,58.994003125697695,56.68012502790802,56.95699933020764,490700.0
2011-09-02,56.13,57.24,54.95,55.33,529200.0,0.0,1.0,55.503409243134634,56.60101808439384,54.33658182630052,54.712339807992855,529200.0
2011-09-06,53.26,55.59,51.64,55.37,1216400.0,0.0,1.0,52.665447644563514,54.969437374413936,51.06353203840143,54.75189327974994,1216400.0
2011-09-07,56.39,57.25,55.6,56.8,626800.0,0.0,1.0,55.76050680955571,56.61090645233311,54.979325742353204,56.16592989506586,626800.0
2011-09-08,56.59,60.2,56.03,59.76,1895300.0,0.0,1.0,55.95827416834115,59.5279749944184,55.404525563741906,59.09288680509042,1895300.0
2011-09-09,62.13,68.7,62.03,68.45,4659200.0,0.0,1.0,61.436430006697925,67.93308774279974,61.337546327305205,67.68587854431793,4659200.0
2011-09-12,68.95,71.26,67.95,70.93,2083100.0,0.0,1.0,68.18029694128154,70.46450993525342,67.19146014735432,70.13819379325743,2083100.0
2011-09-13,70.26,71.41,68.06,69.96,2050700.0,0.0,1.0,69.4756731413262,70.61283545434249,67.30023219468632,69.17902210314801,2050700.0
2011-09-14,69.95,70.63,67.9,69.95,1391600.0,0.0,1.0,69.16913373520876,69.84154275507926,67.14201830765796,69.16913373520876,1391600.0
2011-09-15,70.5,70.5,69.0,70.2,851700.0,0.0,1.0,69.71299397186873,69.71299397186873,68.2297387809779,69.41634293369056,851700.0
2011-09-16,69.85,70.5,69.57,70.46,1047200.0,0.0,1.0,69.07025005581603,69.71299397186873,68.7933757535164,69.67344050011162,1047200.0
2011-09-19,69.78,74.0,69.129,72.86,1452400.0,0.0,1.0,69.00103148024112,73.17392275061398,68.35729872739451,72.04664880553695,1452400.0
2011-09-20,73.62,73.91,69.83,70.18,1016100.0,0.0,1.0,72.79816476892164,73.08492743916052,69.05047331993748,69.39656619781202,1016100.0
2011-09-21,70.39,71.85,67.98,68.06,690400.0,0.0,1.0,69.60422192453673,71.04792364367046,67.22112525117214,67.30023219468632,690400.0
2011-09-22,66.29,67.61,64.58,66.88,777500.0,0.0,1.0,65.54999106943515,66.85525563741906,63.859080151819605,66.13340477785219,777500.0
2011-09-23,66.56,68.0,65.63,66.96,589700.0,0.0,1.0,65.81697700379549,67.24090198705068,64.89735878544317,66.21251172136637,589700.0
2011-09-26,67.26,69.24,65.62,69.12,408900.0,0.0,1.0,66.50916275954455,68.46705961152043,64.8874704175039,68.34839919624916,408900.0
2011-09-27,70.27,71.87,69.7,70.02,771200.0,0.0,1.0,69.48556150926545,71.06770037954901,68.92192453672695,69.23835231078365,771200.0
2011-09-28,70.18,71.19,67.24,67.34,455900.0,0.0,1.0,69.39656619781202,70.3952913596785,66.48938602366599,66.58826970305873,455900.0
2011-09-29,68.67,68.99,63.31,66.12,932400.0,0.0,1.0,67.90342263898192,68.21985041303861,62.60325742353204,65.38188881446752,932400.0
2011-09-30,65.28,65.5759,62.21,62.23,1139300.0,0.0,1.0,64.55126590756865,64.84386271489173,61.5155369502121,61.535313686090646,1139300.0
2011-10-03,61.25,64.05,60.28,61.32,821100.0,0.0,1.0,60.56625362804198,63.334996651038175,59.60708193793258,60.63547220361688,821100.0
2011-10-04,60.27,63.02,58.71,62.93,1484300.0,0.0,1.0,59.59719356999331,62.31649475329315,58.054608171466846,62.2274994418397,1484300.0
2011-10-05,62.89,67.7,62.3885,66.68,2290800.0,0.0,1.0,62.18794597008261,66.94425094887252,61.69204431792811,65.93563741906677,2290800.0
2011-10-06,66.37,68.0,65.81,66.61,985800.0,0.0,1.0,65.62909801294933,67.24090198705068,65.07534940835008,65.86641884349186,985800.0
2011-10-07,67.09,67.9,63.75,65.58,885800.0,0.0,1.0,66.34106050457692,67.14201830765796,63.03834561286001,64.84791694574682,885800.0
2011-10-10,66.75,69.7,66.61,69.24,873900.0,0.0,1.0,66.00485599464166,68.92192453672695,65.86641884349186,68.46705961152043,873900.0
2011-10-11,68.61,69.38,67.3028,68.35,732100.0,0.0,1.0,67.84409243134628,68.60549676267024,66.55148497432464,67.5869948649252,732100.0
2011-10-12,69.0,70.679,67.3,67.77,1001400.0,0.0,1.0,68.2297387809779,69.8899957579817,66.54871623130163,67.01346952444742,1001400.0
2011-10-13,67.73,69.54,67.07,67.96,628700.0,0.0,1.0,66.97391605269034,68.7637106496986,66.32128376869836,67.20134851529359,628700.0
2011-10-14,69.96,69.96,67.54,68.9,435300.0,0.0,1.0,69.17902210314801,69.17902210314801,66.78603706184417,68.13085510158518,435300.0
2011-10-17,68.89,69.61,66.63,67.48,344100.0,0.0,1.0,68.1209667336459,68.8329292252735,65.8861955793704,66.72670685420853,344100.0
2011-10-18,67.4,69.31,66.29,68.75,763300.0,0.0,1.0,66.64759991069435,68.53627818709533,65.54999106943515,67.9825295824961,763300.0
2011-10-19,68.74,72.89,68.15,68.7,1308700.0,0.0,1.0,67.97264121455682,72.07631390935477,67.38922750613978,67.93308774279974,1308700.0
2011-10-20,69.18,70.02,66.7,67.88,661400.0,0.0,1.0,68.4077294038848,69.23835231078365,65.9554141549453,67.12224157177941,661400.0
2011-10-21,67.89,70.38,67.6,68.0,889200.0,0.0,1.0,67.1321299397187,69.59433355659745,66.8453672694798,67.24090198705068,889200.0
2011-10-24,68.66,71.74,68.01,70.93,1110300.0,0.0,1.0,67.89353427104264,70.93915159633846,67.25079035498996,70.13819379325743,1110300.0
2011-10-25,71.0,71.2,68.58,68.6,557400.0,0.0,1.0,70.20741236883232,70.40517972761778,67.81442732752846,67.834204063407,557400.0
2011-10-26,68.7,70.1862,66.38,67.6,867200.0,0.0,1.0,67.93308774279974,69.40269698593436,65.63898638088858,66.8453672694798,867200.0
2011-10-27,69.96,70.07,65.6415,68.42,1034700.0,0.0,1.0,69.17902210314801,69.28779415048001,64.90873040857333,67.65621344050011,1034700.0
2011-10-28,68.17,69.0,66.46,67.53,473100.0,0.0,1.0,67.40900424201831,68.2297387809779,65.71809332440276,66.77614869390489,473100.0
2011-10-31,66.75,68.79,64.03,67.29,733200.0,0.0,1.0,66.00485599464166,68.02208305425319,63.31521991515964,66.53882786336237,733200.0
2011-11-01,65.66,71.7,65.0,70.33,1940100.0,0.0,1.0,64.927023889261,70.89959812458139,64.27439160526903,69.54489171690109,1940100.0
2011-11-02,72.05,72.49,70.58,71.03,1080100.0,0.0,1.0,71.2456910024559,71.68077919178387,69.7921009153829,70.23707747265014,1080100.0
2011-11-03,72.11,72.12,70.01,71.26,928500.0,0.0,1.0,71.30502121009154,71.31490957803082,69.22846394284439,70.46450993525342,928500.0
2011-11-04,70.91,75.0,70.1,74.24,1552800.0,0.0,1.0,70.11841705737888,74.16275954454119,69.31745925429783,73.4112435811565,1552800.0
2011-11-07,74.96,75.69,73.12,74.0,1234100.0,0.0,1.0,74.1232060727841,74.84505693235097,72.30374637195803,73.17392275061398,1234100.0
2011-11-08,74.9,75.4475,71.53,73.4,699800.0,0.0,1.0,74.06387586514847,74.60526400982363,70.73149586961375,72.58062067425766,699800.0
2011-11-09,71.69,73.0,70.51,71.13,723500.0,0.0,1.0,70.8897097566421,72.18508595668676,69.722882339808,70.33596115204287,723500.0
2011-11-10,72.16,73.46,71.41,72.15,890100.0,0.0,1.0,71.3544630497879,72.63995088189327,70.61283545434249,71.34457468184863,890100.0
2011-11-11,72.9,73.49,71.65,72.35,759800.0,0.0,1.0,72.08620227729405,72.66961598571109,70.85015628488503,71.54234204063407,759800.0
2011-11-14,72.77,73.4,71.21,71.78,699400.0,0.0,1.0,71.9576534940835,72.58062067425766,70.41506809555703,70.97870506809556,699400.0
2011-11-15,71.55,72.98,70.65,72.51,438300.0,0.0,1.0,70.75127260549229,72.16530922080823,69.86131949095781,71.70055592766244,438300.0
2011-11-16,72.54,74.38,71.01,71.55,926200.0,0.0,1.0,71.73022103148026,73.54968073230631,70.2173007367716,70.75127260549229,926200.0
2011-11-17,71.55,71.71,67.78,69.02,1053800.0,0.0,1.0,70.75127260549229,70.90948649252064,67.0233578923867,68.24951551685643,1053800.0
2011-11-18,70.97,70.98,66.89,67.54,1213500.0,0.0,1.0,70.17774726501452,70.18763563295379,66.14329314579147,66.78603706184417,1213500.0
2011-11-21,66.1901,66.884,64.33,66.26,849300.0,0.0,1.0,65.45120627372181,66.13736012502791,63.6118709533378,65.52032596561733,849300.0
2011-11-22,66.3,67.4,64.93,66.49,765000.0,0.0,1.0,65.5598794373744,66.64759991069435,64.20517302969414,65.74775842822058,765000.0
2011-11-23,65.91,66.86,64.91,65.97,588000.0,0.0,1.0,65.17423308774279,66.11362804197366,64.18539629381559,65.23356329537843,588000.0
2011-11-25,65.54,65.98,64.41,64.6,263100.0,0.0,1.0,64.80836347398974,65.24345166331771,63.690977896851976,63.87885688769814,263100.0
2011-11-28,67.2001,69.38,67.08,68.45,864600.0,0.0,1.0,66.44993143558831,68.60549676267024,66.33117213663765,67.68587854431793,864600.0
2011-11-29,67.69,69.928,67.69,68.37,833300.0,0.0,1.0,66.93436258093324,69.14737932574235,66.93436258093324,67.60677160080375,833300.0
2011-11-30,71.1,71.2415,68.5,69.63,2476400.0,0.0,1.0,70.30629604822505,70.44621645456576,67.73532038401429,68.85270596115204,2476400.0
2011-12-01,69.75,70.49,68.0,68.49,1990400.0,0.0,1.0,68.9713663764233,69.70310560392944,67.24090198705068,67.72543201607502,1990400.0
2011-12-02,70.48,74.79,70.1,74.19,3010300.0,0.0,1.0,69.69321723599018,73.95510381781648,69.31745925429783,73.36180174146014,3010300.0
2011-12-05,75.29,75.7,72.5,73.9,1325300.0,0.0,1.0,74.44952221478009,74.85494530029025,71.69066755972315,73.07503907122125,1325300.0
2011-12-06,73.59,74.09,72.08,72.93,742000.0,0.0,1.0,72.76849966510382,73.26291806206743,71.27535610627372,72.11586738111187,742000.0
2011-12-07,72.5,74.19,71.26,73.13,898700.0,0.0,1.0,71.69066755972315,73.36180174146014,70.46450993525342,72.3136347398973,898700.0
2011-12-08,72.68,73.26,71.5,72.13,633200.0,0.0,1.0,71.86865818263006,72.44218352310784,70.70183076579593,71.32479794597008,633200.0
2011-12-09,72.86,74.34,71.7,74.06,769400.0,0.0,1.0,72.04664880553695,73.51012726054924,70.89959812458139,73.23325295824961,769400.0
2011-12-12,73.33,73.54,71.75,72.76,714200.0,0.0,1.0,72.51140209868274,72.71905782540746,70.94903996427774,71.94776512614423,714200.0
2011-12-13,72.95,73.75,69.71,70.62,775700.0,0.0,1.0,72.1356441169904,72.92671355213217,68.93181290466622,69.83165438713999,775700.0
2011-12-14,69.98,70.1415,66.9,67.21,1321900.0,0.0,1.0,69.19879883902658,69.35849598124581,66.15318151373074,66.45972091984818,1321900.0
2011-12-15,67.81,68.43,66.17,66.72,811400.0,0.0,1.0,67.05302299620452,67.6661018084394,65.43133065416387,65.97519089082384,811400.0
2011-12-16,66.79,68.199,66.11,67.01,877100.0,0.0,1.0,66.04440946639876,67.4376805090422,65.37200044652825,66.26195356106274,877100.0
2011-12-19,67.63,68.0,64.7,64.91,966600.0,0.0,1.0,66.87503237329761,67.24090198705068,63.97774056709087,64.18539629381559,966600.0
2011-12-20,65.66,67.469,65.12,66.97,653500.0,0.0,1.0,64.927023889261,66.71582964947532,64.39305202054031,66.22240008930565,653500.0
2011-12-21,66.71,67.64,65.04,65.87,412200.0,0.0,1.0,65.96530252288457,66.88492074123688,64.31394507702613,65.13467961598572,412200.0
2011-12-22,65.88,66.39,64.01,64.16,918700.0,0.0,1.0,65.14456798392499,65.64887474882786,63.295443179281094,63.44376869837017,918700.0
2011-12-23,63.97,66.34,62.94,66.26,642300.0,0.0,1.0,63.255889707524,65.59943290913151,62.237387809778966,65.52032596561733,642300.0
2011-12-27,65.33,66.32,64.36,65.51,757000.0,0.0,1.0,64.60070774726502,65.57965617325296,63.64153605715561,64.77869837017192,757000.0
2011-12-28,65.29,65.49,63.92,64.09,407100.0,0.0,1.0,64.56115427550793,64.75892163429336,63.20644786782764,63.37455012279527,407100.0
2011-12-29,64.11,65.06,64.05,64.67,353400.0,0.0,1.0,63.394326858673814,64.33372181290467,63.334996651038175,63.94807546327306,353400.0
2011-12-30,64.18,65.27,64.0624,64.92,756100.0,0.0,1.0,63.46354543424872,64.54137753962938,63.34725822728287,64.19528466175485,756100.0
2012-01-03,65.9,67.35,63.44,64.1,1224700.0,0.0,1.0,65.16434471980354,66.59815807099798,62.731806206742576,63.38443849073453,1224700.0
2012-01-04,63.85,67.47,63.59,66.37,1686200.0,0.0,1.0,63.137229292252734,66.71681848626926,62.88013172583166,65.62909801294933,1686200.0
2012-01-05,69.99,71.43,69.02,69.56,2247000.0,0.0,1.0,69.20868720696583,70.63261219022104,68.24951551685643,68.78348738557715,2247000.0
2012-01-06,69.74,70.92,69.25,69.52,616200.0,0.0,1.0,68.96147800848404,70.12830542531816,68.4769479794597,68.74393391382004,616200.0
2012-01-09,69.56,70.65,69.11,69.93,631100.0,0.0,1.0,68.78348738557715,69.86131949095781,68.3385108283099,69.14935699933021,631100.0
2012-01-10,70.7,70.75,68.52,70.46,830100.0,0.0,1.0,69.91076133065417,69.96020317035052,67.75509711989282,69.67344050011162,830100.0
2012-01-11,69.97,73.78,69.97,71.78,1057200.0,0.0,1.0,69.1889104710873,72.95637865594999,69.1889104710873,70.97870506809556,1057200.0
2012-01-12,71.96,72.0,70.46,71.93,846500.0,0.0,1.0,71.15669569100245,71.19624916275954,69.67344050011162,71.12703058718465,846500.0
2012-01-13,71.49,73.67,70.75,73.13,1051200.0,0.0,1.0,70.69194239785666,72.847606608618,69.96020317035052,72.3136347398973,1051200.0
2012-01-17,74.46,74.95,73.62,74.13,785000.0,0.0,1.0,73.62878767582049,74.11331770484483,72.79816476892164,73.30247153382452,785000.0
2012-01-18,74.37,75.83,73.93,75.75,816400.0,0.0,1.0,73.53979236436705,74.98349408350079,73.10470417503907,74.90438713998661,816400.0
2012-01-19,76.0,77.83,75.8,77.39,891000.0,0.0,1.0,75.15159633846841,76.96116767135521,74.95382897968297,76.52607948202724,891000.0
2012-01-20,77.25,77.76,75.9,76.26,601800.0,0.0,1.0,76.38764233087743,76.89194909578032,75.0527126590757,75.40869390488949,601800.0
2012-01-23,76.84,77.75,75.771,76.9,694100.0,0.0,1.0,75.98221924536728,76.88206072784104,74.92515271265907,76.04154945300292,694100.0
2012-01-24,76.45,77.45,76.31,77.38,454400.0,0.0,1.0,75.59657289573566,76.58540968966288,75.45813574458585,76.51619111408796,454400.0
2012-01-25,77.45,79.14,77.07,78.8,627800.0,0.0,1.0,76.58540968966288,78.25654387139987,76.20965170797052,77.92033936146461,627800.0
2012-01-26,79.49,79.64,75.97,76.69,593400.0,0.0,1.0,78.60263674927438,78.75096226836348,75.12193123465059,75.83389372627819,593400.0
2012-01-27,76.55,77.68,75.0,77.31,442200.0,0.0,1.0,75.69545657512838,76.81284215226614,74.16275954454119,76.44697253851307,442200.0
2012-01-30,76.99,77.6,76.07,77.27,599500.0,0.0,1.0,76.13054476445635,76.73373520875195,75.2208149140433,76.40741906675596,599500.0
2012-01-31,77.51,77.86,75.9185,76.15,570600.0,0.0,1.0,76.6447398972985,76.99083277517303,75.07100613976334,75.2999218575575,570600.0
2012-02-01,76.54,77.0564,75.6285,76.82,642600.0,0.0,1.0,75.6855682071891,76.19620352757312,74.78424346952445,75.96244250948872,642600.0
2012-02-02,77.97,78.31,76.19,76.61,423900.0,0.0,1.0,77.09960482250503,77.43580933244029,75.33947532931458,75.75478678276401,423900.0
2012-02-03,77.15,78.5,76.54,78.11,557400.0,0.0,1.0,76.28875865148471,77.62368832328644,75.6855682071891,77.23804197365483,557400.0
2012-02-06,77.89,78.878,77.74,78.68,492300.0,0.0,1.0,77.02049787899085,77.99746863139093,76.87217235990175,77.80167894619335,492300.0
2012-02-07,78.53,80.09,78.47,79.65,684900.0,0.0,1.0,77.65335342710426,79.19593882563072,77.59402321946862,78.76085063630275,684900.0
2012-02-08,80.03,81.25,79.09,80.61,919000.0,0.0,1.0,79.1366086179951,80.34298950658629,78.20710203170351,79.71013395847288,919000.0
2012-02-09,80.76,81.5,79.81,81.42,1191300.0,0.0,1.0,79.85845947756196,80.59019870506809,78.9190645233311,80.51109176155393,1191300.0
2012-02-10,80.62,81.18,79.75,80.84,867900.0,0.0,1.0,79.72002232641215,80.2737709310114,78.85973431569546,79.93756642107614,867900.0
2012-02-13,81.71,82.36,80.89,82.05,618100.0,0.0,1.0,80.7978544317928,81.44059834784551,79.9870082607725,81.13405894172806,618100.0
2012-02-14,82.0,83.0,81.66,82.8,549000.0,0.0,1.0,81.0846171020317,82.07345389595892,80.74841259209644,81.87568653717348,549000.0
2012-02-15,83.0,84.48,82.65,83.53,955600.0,0.0,1.0,82.07345389595892,83.5369323509712,81.7273610180844,82.59753739674035,955600.0
2012-02-16,83.84,84.46,82.91,84.17,702800.0,0.0,1.0,82.90407680285779,83.51715561509265,81.98445858450546,83.23039294485376,702800.0
2012-02-17,84.11,84.46,82.51,82.56,341100.0,0.0,1.0,83.17106273721814,83.51715561509265,81.58892386693459,81.63836570663095,341100.0
2012-02-21,82.77,83.56,81.28,82.06,396200.0,0.0,1.0,81.84602143335566,82.62720250055817,80.37265461040411,81.14394730966734,396200.0
2012-02-22,81.04,82.9,80.5,82.57,815400.0,0.0,1.0,80.13533377986158,81.9745702165662,79.60136191114088,81.6482540745702,815400.0
2012-02-23,83.13,84.02,82.35,83.4,502900.0,0.0,1.0,82.20200267916945,83.08206742576468,81.43070997990623,82.46898861352982,502900.0
2012-02-24,83.28,83.44,81.61,81.94,408800.0,0.0,1.0,82.35032819825854,82.50854208528689,80.69897075240009,81.02528689439607,408800.0
2012-02-27,81.69,84.11,81.51,83.81,460100.0,0.0,1.0,80.77807769591426,83.17106273721814,80.60008707300737,82.87441169903997,460100.0
2012-02-28,83.76,84.16,82.33,83.88,561200.0,0.0,1.0,82.82496985934361,83.2205045769145,81.41093324402769,82.94363027461486,561200.0
2012-02-29,83.9,83.9,82.54,83.24,370300.0,0.0,1.0,82.96340701049343,82.96340701049343,81.61858897075241,82.31077472650145,370300.0
2012-03-01,83.19,85.91,83.01,85.31,972700.0,0.0,1.0,82.26133288680509,84.95096896628712,82.0833422638982,84.3576668899308,972700.0
2012-03-02,85.42,85.62,84.06,85.15,463500.0,0.0,1.0,84.46643893726278,84.66420629604823,83.12162089752177,84.19945300290244,463500.0
2012-03-05,86.12,87.9292,85.83,87.14,1005500.0,0.0,1.0,85.15862469301184,86.94762822058495,84.87186202277294,86.16723822281759,1005500.0
2012-03-06,86.4,86.9,84.79,85.85,761300.0,0.0,1.0,85.43549899531146,85.92991739227507,83.84347175708864,84.89163875865148,761300.0
2012-03-07,86.0,88.679,86.0,87.92,909600.0,0.0,1.0,85.03996427774057,87.68905804867158,85.03996427774057,86.93853092208083,909600.0
2012-03-08,88.98,90.36,87.56,89.272,1556100.0,0.0,1.0,87.98669792364367,89.35129269926323,86.58254967626702,88.27543826747042,1556100.0
2012-03-09,90.44,92.0,87.62,89.28,1585600.0,0.0,1.0,89.4303996427774,90.97298504130386,86.64187988390266,88.28334896182184,1585600.0
2012-03-12,89.45,89.89,88.19,88.46,741000.0,0.0,1.0,88.45145121678947,88.88653940611744,87.20551685644116,87.47250279080151,741000.0
2012-03-13,88.74,90.0,88.28,90.0,790600.0,0.0,1.0,87.74937709310113,88.99531145344943,87.29451216789462,88.99531145344943,790600.0
2012-03-14,90.2,90.28,89.06,89.46,543800.0,0.0,1.0,89.19307881223487,89.27218575574905,88.06580486715785,88.46133958472873,543800.0
2012-03-15,89.93,90.9,88.61,90.37,767800.0,0.0,1.0,88.92609287787454,89.88526456798394,87.6208283098906,89.36118106720251,767800.0
2012-03-16,89.65,90.0,88.37,88.58,753000.0,1.0,1.0,89.65,90.0,88.37,88.58,753000.0
2012-03-19,88.41,89.63,88.01,89.6,820100.0,0.0,1.0,88.41,89.63,88.01,89.6,820100.0
2012-03-20,89.26,91.01,89.05,90.61,684500.0,0.0,1.0,89.26,91.01,89.05,90.61,684500.0
2012-03-21,90.76,92.33,90.39,92.07,713100.0,0.0,1.0,90.76,92.33,90.39,92.07,713100.0
2012-03-22,91.55,93.88,90.81,93.59,843900.0,0.0,1.0,91.55,93.88,90.81,93.59,843900.0
2012-03-23,93.49,93.78,92.0,93.55,738800.0,0.0,1.0,93.49,93.78,92.0,93.55,738800.0
2012-03-26,94.28,94.7335,93.41,94.51,538100.0,0.0,1.0,94.28,94.7335,93.41,94.51,538100.0
2012-03-27,94.55,94.73,93.69,93.97,338600.0,0.0,1.0,94.55,94.73,93.69,93.97,338600.0
2012-03-28,93.58,93.926,92.13,93.59,901400.0,0.0,1.0,93.58,93.926,92.13,93.59,901400.0
2012-03-29,92.61,93.17,91.61,92.83,572700.0,0.0,1.0,92.61,93.17,91.61,92.83,572700.0
2012-03-30,93.13,93.58,92.36,92.89,449300.0,0.0,1.0,93.13,93.58,92.36,92.89,449300.0
2012-04-02,92.58,94.42,92.2601,93.92,440400.0,0.0,1.0,92.58,94.42,92.2601,93.92,440400.0
2012-04-03,93.93,95.62,93.7501,95.01,808100.0,0.0,1.0,93.93,95.62,93.7501,95.01,808100.0
2012-04-04,94.18,95.24,93.36,94.93,551800.0,0.0,1.0,94.18,95.24,93.36,94.93,551800.0
2012-04-05,94.33,95.44,94.23,95.04,339300.0,0.0,1.0,94.33,95.44,94.23,95.04,339300.0
2012-04-09,93.59,94.48,92.51,94.37,374500.0,0.0,1.0,93.59,94.48,92.51,94.37,374500.0
2012-04-10,94.0,94.37,91.612,91.86,1223600.0,0.0,1.0,94.0,94.37,91.612,91.86,1223600.0
2012-04-11,92.56,94.1727,92.56,93.7,338100.0,0.0,1.0,92.56,94.1727,92.56,93.7,338100.0
2012-04-12,93.45,94.8,93.11,94.73,322000.0,0.0,1.0,93.45,94.8,93.11,94.73,322000.0
2012-04-13,94.1,95.0,93.42,94.93,321500.0,0.0,1.0,94.1,95.0,93.42,94.93,321500.0
2012-04-16,95.44,95.85,92.25,93.15,559200.0,0.0,1.0,95.44,95.85,92.25,93.15,559200.0
2012-04-17,93.26,94.85,93.01,94.46,481400.0,0.0,1.0,93.26,94.85,93.01,94.46,481400.0
2012-04-18,93.81,96.33,93.81,95.56,521500.0,0.0,1.0,93.81,96.33,93.81,95.56,521500.0
2012-04-19,95.73,96.65,93.54,94.49,351100.0,0.0,1.0,95.73,96.65,93.54,94.49,351100.0
2012-04-20,94.75,96.04,94.4,95.35,376300.0,0.0,1.0,94.75,96.04,94.4,95.35,376300.0
2012-04-23,94.36,94.5634,93.205,93.53,396500.0,0.0,1.0,94.36,94.5634,93.205,93.53,396500.0
2012-04-24,93.71,93.71,85.78,87.15,2535600.0,0.0,1.0,93.71,93.71,85.78,87.15,2535600.0
2012-04-25,87.67,89.81,87.47,89.13,1092600.0,0.0,1.0,87.67,89.81,87.47,89.13,1092600.0
2012-04-26,89.0,90.53,88.122,89.53,591300.0,0.0,1.0,89.0,90.53,88.122,89.53,591300.0
2012-04-27,90.02,91.54,88.9,89.62,742500.0,0.0,1.0,90.02,91.54,88.9,89.62,742500.0
2012-04-30,89.19,89.91,87.5,88.18,436200.0,0.0,1.0,89.19,89.91,87.5,88.18,436200.0
2012-05-01,87.95,90.65,87.71,89.08,418400.0,0.0,1.0,87.95,90.65,87.71,89.08,418400.0
2012-05-02,88.72,91.49,88.505,91.33,572200.0,0.0,1.0,88.72,91.49,88.505,91.33,572200.0
2012-05-03,91.4,92.1399,90.11,90.85,432000.0,0.0,1.0,91.4,92.1399,90.11,90.85,432000.0
2012-05-04,90.23,90.53,87.49,87.49,689000.0,0.0,1.0,90.23,90.53,87.49,87.49,689000.0
2012-05-07,86.95,87.548,85.81,86.06,802300.0,0.0,1.0,86.95,87.548,85.81,86.06,802300.0
2012-05-08,85.28,86.09,78.87,85.0,2578500.0,0.0,1.0,85.28,86.09,78.87,85.0,2578500.0
2012-05-09,83.34,84.9,82.87,84.27,1216400.0,0.0,1.0,83.34,84.9,82.87,84.27,1216400.0
2012-05-10,85.6588,86.87,84.8,86.06,4365200.0,0.0,1.0,85.6588,86.87,84.8,86.06,4365200.0
2012-05-11,85.37,88.55,85.13,87.96,1138000.0,0.0,1.0,85.37,88.55,85.13,87.96,1138000.0
2012-05-14,87.23,88.68,86.33,87.34,881100.0,0.0,1.0,87.23,88.68,86.33,87.34,881100.0
2012-05-15,87.36,89.91,86.7,87.51,932300.0,0.0,1.0,87.36,89.91,86.7,87.51,932300.0
2012-05-16,87.9,90.85,87.63,90.31,1273800.0,0.0,1.0,87.9,90.85,87.63,90.31,1273800.0
2012-05-17,90.53,90.72,85.315,85.87,1276600.0,0.0,1.0,90.53,90.72,85.315,85.87,1276600.0
2012-05-18,86.17,87.12,84.28,85.32,1100000.0,0.0,1.0,86.17,87.12,84.28,85.32,1100000.0
2012-05-21,85.14,87.95,83.52,87.84,1155200.0,0.0,1.0,85.14,87.95,83.52,87.84,1155200.0
2012-05-22,87.93,90.72,87.5545,90.5,899100.0,0.0,1.0,87.93,90.72,87.5545,90.5,899100.0
2012-05-23,90.12,91.68,89.01,91.2,1365500.0,0.0,1.0,90.12,91.68,89.01,91.2,1365500.0
2012-05-24,91.93,92.09,90.03,90.93,887600.0,0.0,1.0,91.93,92.09,90.03,90.93,887600.0
2012-05-25,91.33,91.88,89.92,90.95,591000.0,0.0,1.0,91.33,91.88,89.92,90.95,591000.0
2012-05-29,91.72,91.95,89.45,91.24,1644900.0,0.0,1.0,91.72,91.95,89.45,91.24,1644900.0
2012-05-30,91.15,91.15,88.43,89.6,892300.0,0.0,1.0,91.15,91.15,88.43,89.6,892300.0
2012-05-31,90.13,90.13,86.8916,89.37,3247700.0,0.0,1.0,90.13,90.13,86.8916,89.37,3247700.0
2012-06-01,88.5,88.56,85.625,86.55,1026400.0,0.0,1.0,88.5,88.56,85.625,86.55,1026400.0
2012-06-04,86.44,86.65,84.2,86.29,798000.0,0.0,1.0,86.44,86.65,84.2,86.29,798000.0
2012-06-05,86.48,87.49,85.01,87.38,1234300.0,0.0,1.0,86.48,87.49,85.01,87.38,1234300.0
2012-06-06,91.6,97.89,90.84,94.74,3538100.0,0.0,1.0,91.6,97.89,90.84,94.74,3538100.0
2012-06-07,96.07,97.0,92.88,93.33,1246600.0,0.0,1.0,96.07,97.0,92.88,93.33,1246600.0
2012-06-08,92.97,94.5,92.23,94.0,914100.0,0.0,1.0,92.97,94.5,92.23,94.0,914100.0
2012-06-11,95.0,95.08,91.99,92.25,1136000.0,0.0,1.0,95.0,95.08,91.99,92.25,1136000.0
2012-06-12,92.44,94.54,91.622,94.26,826000.0,0.0,1.0,92.44,94.54,91.622,94.26,826000.0
2012-06-13,93.82,94.53,91.31,91.65,1087700.0,0.0,1.0,93.82,94.53,91.31,91.65,1087700.0
2012-06-14,92.14,93.74,91.64,92.98,1027500.0,0.0,1.0,92.14,93.74,91.64,92.98,1027500.0
2012-06-15,93.07,96.0,92.661,95.84,1279000.0,0.0,1.0,93.07,96.0,92.661,95.84,1279000.0
2012-06-18,95.75,97.88,94.87,97.01,1408300.0,0.0,1.0,95.75,97.88,94.87,97.01,1408300.0
2012-06-19,97.24,97.7,96.15,96.76,1003600.0,0.0,1.0,97.24,97.7,96.15,96.76,1003600.0
2012-06-20,95.87,98.42,95.275,97.7,1009700.0,0.0,1.0,95.87,98.42,95.275,97.7,1009700.0
2012-06-21,97.4,97.42,94.51,95.05,1060700.0,0.0,1.0,97.4,97.42,94.51,95.05,1060700.0
2012-06-22,95.41,96.35,94.0,95.605,1838000.0,0.0,1.0,95.41,96.35,94.0,95.605,1838000.0
2012-06-25,94.49,94.83,93.0601,94.37,643000.0,0.0,1.0,94.49,94.83,93.0601,94.37,643000.0
2012-06-26,94.45,96.13,93.24,94.17,754500.0,0.0,1.0,94.45,96.13,93.24,94.17,754500.0
2012-06-27,94.54,94.54,92.23,93.26,622900.0,0.0,1.0,94.54,94.54,92.23,93.26,622900.0
2012-06-28,92.4,92.84,89.1,90.29,1141200.0,0.0,1.0,92.4,92.84,89.1,90.29,1141200.0
2012-06-29,91.9,93.99,88.71,93.38,1438200.0,0.0,1.0,91.9,93.99,88.71,93.38,1438200.0
2012-07-02,93.08,93.44,90.17,92.07,1281500.0,0.0,1.0,93.08,93.44,90.17,92.07,1281500.0
2012-07-03,92.3,94.98,91.63,93.59,494000.0,0.0,1.0,92.3,94.98,91.63,93.59,494000.0
2012-07-05,93.56,95.45,93.13,94.41,747800.0,0.0,1.0,93.56,95.45,93.13,94.41,747800.0
2012-07-06,93.55,95.17,92.86,93.66,467500.0,0.0,1.0,93.55,95.17,92.86,93.66,467500.0
2012-07-09,93.54,94.09,92.12,93.36,464900.0,0.0,1.0,93.54,94.09,92.12,93.36,464900.0
2012-07-10,93.76,95.39,92.55,93.19,522100.0,0.0,1.0,93.76,95.39,92.55,93.19,522100.0
2012-07-11,93.1,93.45,89.68,91.05,606600.0,0.0,1.0,93.1,93.45,89.68,91.05,606600.0
2012-07-12,90.87,91.95,88.28,91.45,751600.0,0.0,1.0,90.87,91.95,88.28,91.45,751600.0
2012-07-13,91.67,92.97,91.37,92.69,281100.0,0.0,1.0,91.67,92.97,91.37,92.69,281100.0
2012-07-16,92.17,93.9099,90.83,91.0,473300.0,0.0,1.0,92.17,93.9099,90.83,91.0,473300.0
2012-07-17,91.62,92.23,89.6701,91.35,434700.0,0.0,1.0,91.62,92.23,89.6701,91.35,434700.0
2012-07-18,90.8,93.0,90.18,91.96,552000.0,0.0,1.0,90.8,93.0,90.18,91.96,552000.0
2012-07-19,92.42,93.54,91.91,92.51,399100.0,0.0,1.0,92.42,93.54,91.91,92.51,399100.0
2012-07-20,91.44,91.72,87.04,87.53,1126900.0,0.0,1.0,91.44,91.72,87.04,87.53,1126900.0
2012-07-23,83.76,87.05,83.01,86.47,1357600.0,0.0,1.0,83.76,87.05,83.01,86.47,1357600.0
2012-07-24,86.69,87.13,84.37,85.14,367900.0,0.0,1.0,86.69,87.13,84.37,85.14,367900.0
2012-07-25,85.11,85.55,83.41,83.78,575000.0,0.0,1.0,85.11,85.55,83.41,83.78,575000.0
2012-07-26,85.0,87.26,85.0,86.37,889400.0,0.0,1.0,85.0,87.26,85.0,86.37,889400.0
2012-07-27,86.36,88.07,85.5,87.38,496800.0,0.0,1.0,86.36,88.07,85.5,87.38,496800.0
2012-07-30,87.81,88.16,86.57,87.51,351800.0,0.0,1.0,87.81,88.16,86.57,87.51,351800.0
2012-07-31,87.45,88.11,84.63,84.88,898300.0,0.0,1.0,87.45,88.11,84.63,84.88,898300.0
2012-08-01,85.03,85.92,83.37,83.74,1017100.0,0.0,1.0,85.03,85.92,83.37,83.74,1017100.0
2012-08-02,83.3,86.31,82.64,85.25,763300.0,0.0,1.0,83.3,86.31,82.64,85.25,763300.0
2012-08-03,86.68,87.99,86.04,87.78,679300.0,0.0,1.0,86.68,87.99,86.04,87.78,679300.0
2012-08-06,87.33,88.98,87.0,87.89,644800.0,0.0,1.0,87.33,88.98,87.0,87.89,644800.0
2012-08-07,87.93,88.93,87.72,88.26,388500.0,0.0,1.0,87.93,88.93,87.72,88.26,388500.0
2012-08-08,87.68,87.8599,85.73,86.53,702600.0,0.0,1.0,87.68,87.8599,85.73,86.53,702600.0
2012-08-09,88.52,88.6095,86.7,87.09,625900.0,0.0,1.0,88.52,88.6095,86.7,87.09,625900.0
2012-08-10,86.94,87.07,84.86,85.35,578200.0,0.0,1.0,86.94,87.07,84.86,85.35,578200.0
2012-08-13,84.5,85.35,83.8,84.11,818000.0,0.0,1.0,84.5,85.35,83.8,84.11,818000.0
2012-08-14,84.86,88.05,84.85,86.14,1464900.0,0.0,1.0,84.86,88.05,84.85,86.14,1464900.0
2012-08-15,85.77,86.76,85.5,85.9,506500.0,0.0,1.0,85.77,86.76,85.5,85.9,506500.0
2012-08-16,85.93,90.47,85.71,90.27,1452900.0,0.0,1.0,85.93,90.47,85.71,90.27,1452900.0
2012-08-17,90.96,92.03,90.25,91.85,881700.0,0.0,1.0,90.96,92.03,90.25,91.85,881700.0
2012-08-20,91.99,92.67,90.09,90.9,824600.0,0.0,1.0,91.99,92.67,90.09,90.9,824600.0
2012-08-21,91.0,92.11,90.27,91.99,652100.0,0.0,1.0,91.0,92.11,90.27,91.99,652100.0
2012-08-22,91.92,92.05,90.95,91.9,679800.0,0.0,1.0,91.92,92.05,90.95,91.9,679800.0
2012-08-23,91.38,92.39,91.17,92.21,468600.0,0.0,1.0,91.38,92.39,91.17,92.21,468600.0
2012-08-24,92.45,93.28,91.95,92.96,598800.0,0.0,1.0,92.45,93.28,91.95,92.96,598800.0
2012-08-27,93.58,93.96,92.67,93.69,965200.0,0.0,1.0,93.58,93.96,92.67,93.69,965200.0
2012-08-28,93.68,95.2,93.24,94.85,977100.0,0.0,1.0,93.68,95.2,93.24,94.85,977100.0
2012-08-29,94.31,95.13,93.33,94.33,910300.0,0.0,1.0,94.31,95.13,93.33,94.33,910300.0
2012-08-30,94.09,94.92,93.07,93.63,332600.0,0.0,1.0,94.09,94.92,93.07,93.63,332600.0
2012-08-31,94.25,94.5,93.0,94.0,576600.0,0.0,1.0,94.25,94.5,93.0,94.0,576600.0
2012-09-04,94.03,94.55,92.8101,94.18,1235500.0,0.0,1.0,94.03,94.55,92.8101,94.18,1235500.0
2012-09-05,94.43,94.82,92.54,92.92,1192100.0,0.0,1.0,94.43,94.82,92.54,92.92,1192100.0
2012-09-06,93.8,95.8,92.84,95.26,1804400.0,0.0,1.0,93.8,95.8,92.84,95.26,1804400.0
2012-09-07,102.75,103.52,99.26,101.54,3115400.0,0.0,1.0,102.75,103.52,99.26,101.54,3115400.0
2012-09-10,101.5,102.19,100.05,100.19,846900.0,0.0,1.0,101.5,102.19,100.05,100.19,846900.0
2012-09-11,99.02,100.84,98.92,99.34,544400.0,0.0,1.0,99.02,100.84,98.92,99.34,544400.0
2012-09-12,99.28,99.78,98.45,98.9,656500.0,0.0,1.0,99.28,99.78,98.45,98.9,656500.0
2012-09-13,97.43,100.4,97.3,100.16,950200.0,0.0,1.0,97.43,100.4,97.3,100.16,950200.0
2012-09-14,100.0,102.4,99.78,100.87,994800.0,0.0,1.0,100.0,102.4,99.78,100.87,994800.0
2012-09-17,101.35,101.35,99.4,99.66,648700.0,0.0,1.0,101.35,101.35,99.4,99.66,648700.0
2012-09-18,98.97,98.975,96.32,97.77,610000.0,0.0,1.0,98.97,98.975,96.32,97.77,610000.0
2012-09-19,97.73,98.82,97.32,98.55,468400.0,0.0,1.0,97.73,98.82,97.32,98.55,468400.0
2012-09-20,98.85,99.01,97.4,98.5,384600.0,0.0,1.0,98.85,99.01,97.4,98.5,384600.0
2012-09-21,98.38,99.08,97.24,97.92,518200.0,0.0,1.0,98.38,99.08,97.24,97.92,518200.0
2012-09-24,97.46,98.86,97.15,98.44,526000.0,0.0,1.0,97.46,98.86,97.15,98.44,526000.0
2012-09-25,98.7,99.38,97.0,97.09,698900.0,0.0,1.0,98.7,99.38,97.0,97.09,698900.0
2012-09-26,96.5,97.38,95.43,96.48,512100.0,0.0,1.0,96.5,97.38,95.43,96.48,512100.0
2012-09-27,97.2,97.33,95.6,96.66,429900.0,0.0,1.0,97.2,97.33,95.6,96.66,429900.0
2012-09-28,96.38,96.95,94.55,96.305,409000.0,0.0,1.0,96.38,96.95,94.55,96.305,409000.0
2012-10-01,96.78,97.97,95.7,96.81,460500.0,0.0,1.0,96.78,97.97,95.7,96.81,460500.0
2012-10-02,97.16,97.16,95.38,96.3,370900.0,0.0,1.0,97.16,97.16,95.38,96.3,370900.0
2012-10-03,96.43,97.81,96.16,97.54,369400.0,0.0,1.0,96.43,97.81,96.16,97.54,369400.0
2012-10-04,97.74,98.98,97.1762,98.955,417800.0,0.0,1.0,97.74,98.98,97.1762,98.955,417800.0
2012-10-05,99.2,100.37,98.79,99.77,581600.0,0.0,1.0,99.2,100.37,98.79,99.77,581600.0
2012-10-08,100.35,100.35,98.0,98.17,331600.0,0.0,1.0,100.35,100.35,98.0,98.17,331600.0
2012-10-09,98.045,98.045,95.14,95.75,324400.0,0.0,1.0,98.045,98.045,95.14,95.75,324400.0
2012-10-10,95.73,97.03,95.73,96.34,301500.0,0.0,1.0,95.73,97.03,95.73,96.34,301500.0
2012-10-11,97.02,97.54,95.42,95.65,419400.0,0.0,1.0,97.02,97.54,95.42,95.65,419400.0
2012-10-12,95.26,96.91,94.98,95.22,586300.0,0.0,1.0,95.26,96.91,94.98,95.22,586300.0
2012-10-15,95.59,95.99,94.29,95.3,250300.0,0.0,1.0,95.59,95.99,94.29,95.3,250300.0
2012-10-16,95.0,98.18,91.85,98.0,2007100.0,0.0,1.0,95.0,98.18,91.85,98.0,2007100.0
2012-10-17,98.09,99.82,95.901,96.34,1005800.0,0.0,1.0,98.09,99.82,95.901,96.34,1005800.0
2012-10-18,94.55,96.71,93.46,95.55,1994500.0,0.0,1.0,94.55,96.71,93.46,95.55,1994500.0
2012-10-19,95.37,96.06,94.18,94.78,761600.0,0.0,1.0,95.37,96.06,94.18,94.78,761600.0
2012-10-22,94.42,95.04,93.54,95.01,597500.0,0.0,1.0,94.42,95.04,93.54,95.01,597500.0
2012-10-23,93.95,94.69,92.74,94.04,471800.0,0.0,1.0,93.95,94.69,92.74,94.04,471800.0
2012-10-24,94.19,94.78,92.92,93.14,626400.0,0.0,1.0,94.19,94.78,92.92,93.14,626400.0
2012-10-25,93.57,93.8354,91.88,92.27,489500.0,0.0,1.0,93.57,93.8354,91.88,92.27,489500.0
2012-10-26,92.27,93.32,91.2,92.41,436500.0,0.0,1.0,92.27,93.32,91.2,92.41,436500.0
2012-10-31,92.0,92.85,91.0,92.19,434300.0,0.0,1.0,92.0,92.85,91.0,92.19,434300.0
2012-11-01,92.25,93.78,90.501,93.71,556900.0,0.0,1.0,92.25,93.78,90.501,93.71,556900.0
2012-11-02,93.8,94.13,92.44,92.45,415700.0,0.0,1.0,93.8,94.13,92.44,92.45,415700.0
2012-11-05,92.45,92.88,90.9,92.68,338900.0,0.0,1.0,92.45,92.88,90.9,92.68,338900.0
2012-11-06,92.78,94.11,91.24,94.06,557900.0,0.0,1.0,92.78,94.11,91.24,94.06,557900.0
2012-11-07,93.11,94.42,92.73,93.05,459100.0,0.0,1.0,93.11,94.42,92.73,93.05,459100.0
2012-11-08,92.86,93.57,90.435,90.99,758800.0,0.0,1.0,92.86,93.57,90.435,90.99,758800.0
2012-11-09,89.48,90.99,86.9801,88.34,1630900.0,0.0,1.0,89.48,90.99,86.9801,88.34,1630900.0
2012-11-12,88.57,88.57,86.61,87.22,682600.0,0.0,1.0,88.57,88.57,86.61,87.22,682600.0
2012-11-13,86.74,89.655,86.26,89.46,982600.0,0.0,1.0,86.74,89.655,86.26,89.46,982600.0
2012-11-14,89.34,89.77,86.88,87.31,519300.0,0.0,1.0,89.34,89.77,86.88,87.31,519300.0
2012-11-15,86.99,89.14,86.761,86.93,804000.0,0.0,1.0,86.99,89.14,86.761,86.93,804000.0
2012-11-16,87.56,88.6,87.31,87.6,1144800.0,0.0,1.0,87.56,88.6,87.31,87.6,1144800.0
2012-11-19,88.4,90.24,88.27,89.0233,785500.0,0.0,1.0,88.4,90.24,88.27,89.0233,785500.0
2012-11-20,89.03,89.3501,88.21,88.94,375500.0,0.0,1.0,89.03,89.3501,88.21,88.94,375500.0
2012-11-21,88.85,91.04,88.85,90.52,417400.0,0.0,1.0,88.85,91.04,88.85,90.52,417400.0
2012-11-23,90.79,92.25,90.68,92.2,254700.0,0.0,1.0,90.79,92.25,90.68,92.2,254700.0
2012-11-26,92.17,93.1,90.93,92.93,524000.0,0.0,1.0,92.17,93.1,90.93,92.93,524000.0
2012-11-27,92.9,93.92,92.5001,93.24,564900.0,0.0,1.0,92.9,93.92,92.5001,93.24,564900.0
2012-11-28,92.72,94.55,91.48,94.19,1086800.0,0.0,1.0,92.72,94.55,91.48,94.19,1086800.0
2012-11-29,94.29,94.3754,91.99,93.15,1660400.0,0.0,1.0,94.29,94.3754,91.99,93.15,1660400.0
2012-11-30,98.0,100.4,97.52,100.28,4001200.0,0.0,1.0,98.0,100.4,97.52,100.28,4001200.0
2012-12-03,100.0,101.03,99.815,100.9,1088900.0,0.0,1.0,100.0,101.03,99.815,100.9,1088900.0
2012-12-04,100.95,100.95,99.73,100.38,1159300.0,0.0,1.0,100.95,100.95,99.73,100.38,1159300.0
2012-12-05,100.4,100.7,99.7,100.19,676800.0,0.0,1.0,100.4,100.7,99.7,100.19,676800.0
2012-12-06,100.3,101.61,99.95,101.53,738600.0,0.0,1.0,100.3,101.61,99.95,101.53,738600.0
2012-12-07,101.45,101.5899,100.02,100.44,730000.0,0.0,1.0,101.45,101.5899,100.02,100.44,730000.0
2012-12-10,100.57,100.59,99.43,99.53,539300.0,0.0,1.0,100.57,100.59,99.43,99.53,539300.0
2012-12-11,99.6,100.02,96.7,97.03,982100.0,0.0,1.0,99.6,100.02,96.7,97.03,982100.0
2012-12-12,97.76,97.85,95.09,95.4,837400.0,0.0,1.0,97.76,97.85,95.09,95.4,837400.0
2012-12-13,95.57,96.234,94.15,94.25,1002700.0,0.0,1.0,95.57,96.234,94.15,94.25,1002700.0
2012-12-14,94.3,95.33,94.1,95.0,739200.0,0.0,1.0,94.3,95.33,94.1,95.0,739200.0
2012-12-17,95.88,97.27,95.19,97.24,809300.0,0.0,1.0,95.88,97.27,95.19,97.24,809300.0
2012-12-18,97.6,98.67,97.0,97.92,674000.0,0.0,1.0,97.6,98.67,97.0,97.92,674000.0
2012-12-19,98.33,98.33,96.12,96.34,469000.0,0.0,1.0,98.33,98.33,96.12,96.34,469000.0
2012-12-20,96.48,97.13,95.53,96.41,430800.0,0.0,1.0,96.48,97.13,95.53,96.41,430800.0
2012-12-21,95.11,97.81,94.77,97.23,619100.0,0.0,1.0,95.11,97.81,94.77,97.23,619100.0
2012-12-24,97.13,97.49,96.8655,97.1,138800.0,0.0,1.0,97.13,97.49,96.8655,97.1,138800.0
2012-12-26,96.8,97.4,95.47,95.72,401200.0,0.0,1.0,96.8,97.4,95.47,95.72,401200.0
2012-12-27,95.57,96.575,94.48,96.44,386900.0,0.0,1.0,95.57,96.575,94.48,96.44,386900.0
2012-12-28,95.89,97.4,95.4846,96.55,323100.0,0.0,1.0,95.89,97.4,95.4846,96.55,323100.0
2012-12-31,96.67,98.27,96.2833,98.26,435200.0,0.0,1.0,96.67,98.27,96.2833,98.26,435200.0
2013-01-02,100.26,102.48,99.64,101.53,1190300.0,0.0,1.0,100.26,102.48,99.64,101.53,1190300.0
2013-01-03,101.69,102.56,100.6,101.99,787900.0,0.0,1.0,101.69,102.56,100.6,101.99,787900.0
2013-01-04,97.76,99.41,96.5,97.85,1906900.0,0.0,1.0,97.76,99.41,96.5,97.85,1906900.0
2013-01-07,97.48,98.15,95.66,96.32,875800.0,0.0,1.0,97.48,98.15,95.66,96.32,875800.0
2013-01-08,96.82,96.82,94.22,95.09,1263800.0,0.0,1.0,96.82,96.82,94.22,95.09,1263800.0
2013-01-09,95.8,95.99,93.32,94.22,922900.0,0.0,1.0,95.8,95.99,93.32,94.22,922900.0
2013-01-10,94.6,94.6,92.11,94.32,1095700.0,0.0,1.0,94.6,94.6,92.11,94.32,1095700.0
2013-01-11,93.88,94.48,92.46,93.39,795500.0,0.0,1.0,93.88,94.48,92.46,93.39,795500.0
2013-01-14,93.47,95.4,93.25,94.99,723200.0,0.0,1.0,93.47,95.4,93.25,94.99,723200.0
2013-01-15,94.35,94.77,93.26,94.6,404100.0,0.0,1.0,94.35,94.77,93.26,94.6,404100.0
2013-01-16,95.51,95.51,93.85,94.99,294500.0,0.0,1.0,95.51,95.51,93.85,94.99,294500.0
2013-01-17,94.69,95.98,94.18,95.66,453100.0,0.0,1.0,94.69,95.98,94.18,95.66,453100.0
2013-01-18,95.66,95.66,93.59,94.29,506600.0,0.0,1.0,95.66,95.66,93.59,94.29,506600.0
2013-01-22,94.78,96.4,93.835,96.17,727600.0,0.0,1.0,94.78,96.4,93.835,96.17,727600.0
2013-01-23,95.73,97.14,95.24,97.14,385100.0,0.0,1.0,95.73,97.14,95.24,97.14,385100.0
2013-01-24,96.39,99.9354,96.39,98.01,727500.0,0.0,1.0,96.39,99.9354,96.39,98.01,727500.0
2013-01-25,98.29,100.6,98.02,100.4,674600.0,0.0,1.0,98.29,100.6,98.02,100.4,674600.0
2013-01-28,100.25,100.41,98.49,98.54,413700.0,0.0,1.0,100.25,100.41,98.49,98.54,413700.0
2013-01-29,98.06,98.54,96.74,98.21,694300.0,0.0,1.0,98.06,98.54,96.74,98.21,694300.0
2013-01-30,98.15,98.66,97.15,97.84,468400.0,0.0,1.0,98.15,98.66,97.15,97.84,468400.0
2013-01-31,97.25,98.71,96.47,97.82,542300.0,0.0,1.0,97.25,98.71,96.47,97.82,542300.0
2013-02-01,98.73,98.83,97.29,97.54,427300.0,0.0,1.0,98.73,98.83,97.29,97.54,427300.0
2013-02-04,97.46,98.81,96.68,97.37,627000.0,0.0,1.0,97.46,98.81,96.68,97.37,627000.0
2013-02-05,98.35,100.18,97.45,99.52,572400.0,0.0,1.0,98.35,100.18,97.45,99.52,572400.0
2013-02-06,99.33,100.59,98.6,99.66,429500.0,0.0,1.0,99.33,100.59,98.6,99.66,429500.0
2013-02-07,99.31,99.93,98.16,98.96,296800.0,0.0,1.0,99.31,99.93,98.16,98.96,296800.0
2013-02-08,99.14,100.19,98.32,99.32,212400.0,0.0,1.0,99.14,100.19,98.32,99.32,212400.0
2013-02-11,99.28,100.19,98.68,99.19,231000.0,0.0,1.0,99.28,100.19,98.68,99.19,231000.0
2013-02-12,99.53,100.06,98.41,98.71,341900.0,0.0,1.0,99.53,100.06,98.41,98.71,341900.0
2013-02-13,98.72,99.68,98.26,99.49,320100.0,0.0,1.0,98.72,99.68,98.26,99.49,320100.0
2013-02-14,88.3,89.51,86.9,87.8,6945300.0,0.0,1.0,88.3,89.51,86.9,87.8,6945300.0
2013-02-15,88.32,88.77,86.95,87.96,1769700.0,0.0,1.0,88.32,88.77,86.95,87.96,1769700.0
2013-02-19,87.68,88.48,83.45,85.68,3131400.0,0.0,1.0,87.68,88.48,83.45,85.68,3131400.0
2013-02-20,85.61,87.31,85.325,87.17,1912800.0,0.0,1.0,85.61,87.31,85.325,87.17,1912800.0
2013-02-21,86.75,87.9,85.45,87.67,1504200.0,0.0,1.0,86.75,87.9,85.45,87.67,1504200.0
2013-02-22,88.01,89.28,87.61,88.05,1428900.0,0.0,1.0,88.01,89.28,87.61,88.05,1428900.0
2013-02-25,88.17,90.21,87.74,88.07,1577900.0,0.0,1.0,88.17,90.21,87.74,88.07,1577900.0
2013-02-26,88.02,88.83,85.56,86.2,1697000.0,0.0,1.0,88.02,88.83,85.56,86.2,1697000.0
2013-02-27,86.64,88.49,86.45,88.03,1256800.0,0.0,1.0,86.64,88.49,86.45,88.03,1256800.0
2013-02-28,88.0,89.04,87.7143,88.56,1117100.0,0.0,1.0,88.0,89.04,87.7143,88.56,1117100.0
2013-03-01,88.39,89.39,87.8201,88.78,937000.0,0.0,1.0,88.39,89.39,87.8201,88.78,937000.0
2013-03-04,89.2,90.39,88.83,89.79,753100.0,0.0,1.0,89.2,90.39,88.83,89.79,753100.0
2013-03-05,90.27,92.12,90.04,91.68,1325600.0,0.0,1.0,90.27,92.12,90.04,91.68,1325600.0
2013-03-06,91.38,91.69,90.79,91.11,1396800.0,0.0,1.0,91.38,91.69,90.79,91.11,1396800.0
2013-03-07,90.72,91.19,89.31,89.91,948800.0,0.0,1.0,90.72,91.19,89.31,89.91,948800.0
2013-03-08,90.08,90.419,89.0,89.79,1657300.0,0.0,1.0,90.08,90.419,89.0,89.79,1657300.0
2013-03-11,89.88,90.53,89.52,89.82,1240500.0,0.0,1.0,89.88,90.53,89.52,89.82,1240500.0
2013-03-12,89.73,89.88,87.15,87.19,1011000.0,0.0,1.0,89.73,89.88,87.15,87.19,1011000.0
2013-03-13,87.93,88.7,86.63,87.49,1455600.0,0.0,1.0,87.93,88.7,86.63,87.49,1455600.0
2013-03-14,87.85,89.03,87.18,88.368,2943100.0,0.0,1.0,87.85,89.03,87.18,88.368,2943100.0
2013-03-15,75.96,76.93,72.51,74.14,13814500.0,0.0,1.0,75.96,76.93,72.51,74.14,13814500.0
2013-03-18,73.61,74.74,72.94,73.96,2411000.0,0.0,1.0,73.61,74.74,72.94,73.96,2411000.0
2013-03-19,74.21,75.15,74.17,74.91,2306200.0,0.0,1.0,74.21,75.15,74.17,74.91,2306200.0
2013-03-20,75.44,78.2,74.93,77.38,2470100.0,0.0,1.0,75.44,78.2,74.93,77.38,2470100.0
2013-03-21,77.28,79.2,76.1,76.39,2481300.0,0.0,1.0,77.28,79.2,76.1,76.39,2481300.0
2013-03-22,77.43,77.95,77.05,77.52,1562500.0,0.0,1.0,77.43,77.95,77.05,77.52,1562500.0
2013-03-25,77.86,78.26,76.11,77.22,947700.0,0.0,1.0,77.86,78.26,76.11,77.22,947700.0
2013-03-26,77.17,79.67,76.8,79.3,1418800.0,0.0,1.0,77.17,79.67,76.8,79.3,1418800.0
2013-03-27,78.99,80.6525,78.63,80.48,1337900.0,0.0,1.0,78.99,80.6525,78.63,80.48,1337900.0
2013-03-28,80.46,81.59,80.17,81.29,1995400.0,0.0,1.0,80.46,81.59,80.17,81.29,1995400.0
2013-04-01,81.1,81.85,80.85,81.69,1087900.0,0.0,1.0,81.1,81.85,80.85,81.69,1087900.0
2013-04-02,82.09,83.4,81.85,82.48,1654400.0,0.0,1.0,82.09,83.4,81.85,82.48,1654400.0
2013-04-03,82.45,82.66,81.41,82.0,1711600.0,0.0,1.0,82.45,82.66,81.41,82.0,1711600.0
2013-04-04,84.3,84.8599,82.43,84.74,2138100.0,0.0,1.0,84.3,84.8599,82.43,84.74,2138100.0
2013-04-05,83.54,84.4,82.69,84.05,1515900.0,0.0,1.0,83.54,84.4,82.69,84.05,1515900.0
2013-04-08,84.05,84.6,83.75,84.04,1650300.0,0.0,1.0,84.05,84.6,83.75,84.04,1650300.0
2013-04-09,84.39,84.95,84.09,84.53,1441100.0,0.0,1.0,84.39,84.95,84.09,84.53,1441100.0
2013-04-10,84.53,86.63,84.25,85.65,1608600.0,0.0,1.0,84.53,86.63,84.25,85.65,1608600.0
2013-04-11,85.7,88.65,85.52,88.14,2312900.0,0.0,1.0,85.7,88.65,85.52,88.14,2312900.0
2013-04-12,87.75,88.6,86.63,87.69,1697900.0,0.0,1.0,87.75,88.6,86.63,87.69,1697900.0
2013-04-15,87.5,87.6599,85.37,85.76,1531700.0,0.0,1.0,87.5,87.6599,85.37,85.76,1531700.0
2013-04-16,86.68,86.9899,85.68,86.645,1476900.0,0.0,1.0,86.68,86.9899,85.68,86.645,1476900.0
2013-04-17,86.03,86.1999,83.85,84.469,1378100.0,0.0,1.0,86.03,86.1999,83.85,84.469,1378100.0
2013-04-18,85.04,85.04,82.2401,82.97,1298000.0,0.0,1.0,85.04,85.04,82.2401,82.97,1298000.0
2013-04-19,83.19,84.24,82.48,83.7,1396000.0,0.0,1.0,83.19,84.24,82.48,83.7,1396000.0
2013-04-22,84.0,85.64,83.31,84.84,806300.0,0.0,1.0,84.0,85.64,83.31,84.84,806300.0
2013-04-23,85.42,86.79,85.2,86.46,1071500.0,0.0,1.0,85.42,86.79,85.2,86.46,1071500.0
2013-04-24,86.43,86.75,84.6201,86.22,946200.0,0.0,1.0,86.43,86.75,84.6201,86.22,946200.0
2013-04-25,86.72,87.0,85.48,85.64,969900.0,0.0,1.0,86.72,87.0,85.48,85.64,969900.0
2013-04-26,85.69,86.62,85.22,85.99,704000.0,0.0,1.0,85.69,86.62,85.22,85.99,704000.0
2013-04-29,85.87,87.83,85.845,86.72,997600.0,0.0,1.0,85.87,87.83,85.845,86.72,997600.0
2013-04-30,86.98,87.87,86.47,87.65,826000.0,0.0,1.0,86.98,87.87,86.47,87.65,826000.0
2013-05-01,87.09,87.56,86.22,86.56,1073600.0,0.0,1.0,87.09,87.56,86.22,86.56,1073600.0
2013-05-02,86.36,89.75,86.36,89.36,1372600.0,0.0,1.0,86.36,89.75,86.36,89.36,1372600.0
2013-05-03,89.98,90.63,89.8101,90.18,964900.0,0.0,1.0,89.98,90.63,89.8101,90.18,964900.0
2013-05-06,89.97,91.47,89.96,91.12,650600.0,0.0,1.0,89.97,91.47,89.96,91.12,650600.0
2013-05-07,91.0,91.06,89.95,90.41,655300.0,0.0,1.0,91.0,91.06,89.95,90.41,655300.0
2013-05-08,90.4,91.56,90.12,91.48,442100.0,0.0,1.0,90.4,91.56,90.12,91.48,442100.0
2013-05-09,90.98,91.58,89.39,89.39,827600.0,0.0,1.0,90.98,91.58,89.39,89.39,827600.0
2013-05-10,89.73,92.52,89.4,92.18,880300.0,0.0,1.0,89.73,92.52,89.4,92.18,880300.0
2013-05-13,92.22,93.405,92.04,92.99,900300.0,0.0,1.0,92.22,93.405,92.04,92.99,900300.0
2013-05-14,92.66,94.52,92.4,93.51,570200.0,0.0,1.0,92.66,94.52,92.4,93.51,570200.0
2013-05-15,93.45,93.96,92.37,93.61,587000.0,0.0,1.0,93.45,93.96,92.37,93.61,587000.0
2013-05-16,93.04,94.29,92.6101,93.09,1006500.0,0.0,1.0,93.04,94.29,92.6101,93.09,1006500.0
2013-05-17,93.43,94.17,92.75,93.97,491100.0,0.0,1.0,93.43,94.17,92.75,93.97,491100.0
2013-05-20,93.97,95.25,93.71,94.87,726500.0,0.0,1.0,93.97,95.25,93.71,94.87,726500.0
2013-05-21,94.87,96.249,94.84,94.88,1076100.0,0.0,1.0,94.87,96.249,94.84,94.88,1076100.0
2013-05-22,94.81,96.3,93.42,94.06,1073800.0,0.0,1.0,94.81,96.3,93.42,94.06,1073800.0
2013-05-23,93.04,93.74,92.53,93.22,873900.0,0.0,1.0,93.04,93.74,92.53,93.22,873900.0
2013-05-24,92.79,93.53,91.58,92.12,667300.0,0.0,1.0,92.79,93.53,91.58,92.12,667300.0
2013-05-28,92.92,93.49,91.78,92.09,513800.0,0.0,1.0,92.92,93.49,91.78,92.09,513800.0
2013-05-29,91.75,92.58,91.0,91.67,713900.0,0.0,1.0,91.75,92.58,91.0,91.67,713900.0
2013-05-30,91.74,92.09,91.1,91.44,517700.0,0.0,1.0,91.74,92.09,91.1,91.44,517700.0
2013-05-31,91.06,91.62,90.42,90.76,683400.0,0.0,1.0,91.06,91.62,90.42,90.76,683400.0
2013-06-03,91.24,91.24,88.2,89.74,653800.0,0.0,1.0,91.24,91.24,88.2,89.74,653800.0
2013-06-04,87.9,89.54,85.76,87.11,1344700.0,0.0,1.0,87.9,89.54,85.76,87.11,1344700.0
2013-06-05,86.72,88.0,85.98,86.09,726900.0,0.0,1.0,86.72,88.0,85.98,86.09,726900.0
2013-06-06,86.27,86.91,85.83,86.89,554400.0,0.0,1.0,86.27,86.91,85.83,86.89,554400.0
2013-06-07,87.16,87.7575,85.51,85.65,938900.0,0.0,1.0,87.16,87.7575,85.51,85.65,938900.0
2013-06-10,86.79,87.3,86.17,86.59,1609700.0,0.0,1.0,86.79,87.3,86.17,86.59,1609700.0
2013-06-11,86.0,86.74,83.65,84.13,2308500.0,0.0,1.0,86.0,86.74,83.65,84.13,2308500.0
2013-06-12,95.36,98.88,95.1,96.64,7492200.0,0.0,1.0,95.36,98.88,95.1,96.64,7492200.0
2013-06-13,96.36,97.45,95.245,97.01,1521300.0,0.0,1.0,96.36,97.45,95.245,97.01,1521300.0
2013-06-14,96.08,97.0,95.19,96.14,838700.0,0.0,1.0,96.08,97.0,95.19,96.14,838700.0
2013-06-17,96.12,96.68,95.5,96.02,714400.0,0.0,1.0,96.12,96.68,95.5,96.02,714400.0
2013-06-18,96.0,96.85,95.765,96.6,542600.0,0.0,1.0,96.0,96.85,95.765,96.6,542600.0
2013-06-19,96.32,96.64,94.95,95.04,473700.0,0.0,1.0,96.32,96.64,94.95,95.04,473700.0
2013-06-20,94.45,94.73,92.97,93.4,645500.0,0.0,1.0,94.45,94.73,92.97,93.4,645500.0
2013-06-21,93.93,94.36,91.94,94.15,1042100.0,0.0,1.0,93.93,94.36,91.94,94.15,1042100.0
2013-06-24,93.28,98.3266,92.552,97.18,2092000.0,0.0,1.0,93.28,98.3266,92.552,97.18,2092000.0
2013-06-25,98.01,98.8,96.85,97.89,897100.0,0.0,1.0,98.01,98.8,96.85,97.89,897100.0
2013-06-26,98.8,100.0,98.12,98.71,779400.0,0.0,1.0,98.8,100.0,98.12,98.71,779400.0
2013-06-27,98.91,99.45,98.34,99.25,919100.0,0.0,1.0,98.91,99.45,98.34,99.25,919100.0
2013-06-28,98.61,100.41,97.98,100.12,1186000.0,0.0,1.0,98.61,100.41,97.98,100.12,1186000.0
2013-07-01,100.0,100.69,98.58,99.01,605900.0,0.0,1.0,100.0,100.69,98.58,99.01,605900.0
2013-07-02,99.19,99.74,96.6,97.48,1141400.0,0.0,1.0,99.19,99.74,96.6,97.48,1141400.0
2013-07-03,97.37,99.21,97.37,98.66,298100.0,0.0,1.0,97.37,99.21,97.37,98.66,298100.0
2013-07-05,99.49,100.64,99.11,100.23,482000.0,0.0,1.0,99.49,100.64,99.11,100.23,482000.0
2013-07-08,100.15,101.41,99.7,100.16,721200.0,0.0,1.0,100.15,101.41,99.7,100.16,721200.0
2013-07-09,100.25,101.48,99.13,99.5,527000.0,0.0,1.0,100.25,101.48,99.13,99.5,527000.0
2013-07-10,99.6,99.89,98.59,99.29,549000.0,0.0,1.0,99.6,99.89,98.59,99.29,549000.0
2013-07-11,100.11,100.94,99.8301,100.73,405000.0,0.0,1.0,100.11,100.94,99.8301,100.73,405000.0
2013-07-12,100.31,100.905,99.39,100.57,345300.0,0.0,1.0,100.31,100.905,99.39,100.57,345300.0
2013-07-15,100.85,100.96,99.23,99.46,363700.0,0.0,1.0,100.85,100.96,99.23,99.46,363700.0
2013-07-16,99.04,99.21,97.726,98.94,654600.0,0.0,1.0,99.04,99.21,97.726,98.94,654600.0
2013-07-17,98.98,99.04,97.09,97.13,466000.0,0.0,1.0,98.98,99.04,97.09,97.13,466000.0
2013-07-18,97.36,98.37,96.77,97.8,412000.0,0.0,1.0,97.36,98.37,96.77,97.8,412000.0
2013-07-19,97.77,98.51,96.95,97.39,387600.0,0.0,1.0,97.77,98.51,96.95,97.39,387600.0
2013-07-22,97.3,98.67,97.24,98.67,380800.0,0.0,1.0,97.3,98.67,97.24,98.67,380800.0
2013-07-23,98.66,98.82,95.71,95.9,668400.0,0.0,1.0,98.66,98.82,95.71,95.9,668400.0
2013-07-24,96.24,96.43,93.36,94.06,723400.0,0.0,1.0,96.24,96.43,93.36,94.06,723400.0
2013-07-25,94.19,95.4,93.34,95.31,599200.0,0.0,1.0,94.19,95.4,93.34,95.31,599200.0
2013-07-26,94.89,100.47,94.89,99.68,1119600.0,0.0,1.0,94.89,100.47,94.89,99.68,1119600.0
2013-07-29,99.72,100.17,97.97,98.89,591700.0,0.0,1.0,99.72,100.17,97.97,98.89,591700.0
2013-07-30,98.98,100.64,98.961,100.47,443900.0,0.0,1.0,98.98,100.64,98.961,100.47,443900.0
2013-07-31,100.53,101.43,99.92,100.9,392400.0,0.0,1.0,100.53,101.43,99.92,100.9,392400.0
2013-08-01,100.9,101.84,100.09,101.65,850000.0,0.0,1.0,100.9,101.84,100.09,101.65,850000.0
2013-08-02,101.35,105.01,100.24,103.47,1084700.0,0.0,1.0,101.35,105.01,100.24,103.47,1084700.0
2013-08-05,103.5,103.9625,101.77,102.38,478200.0,0.0,1.0,103.5,103.9625,101.77,102.38,478200.0
2013-08-06,102.41,104.42,102.41,103.51,618800.0,0.0,1.0,102.41,104.42,102.41,103.51,618800.0
2013-08-07,103.18,103.18,101.5301,102.17,378400.0,0.0,1.0,103.18,103.18,101.5301,102.17,378400.0
2013-08-08,102.47,106.1,102.1217,106.03,718700.0,0.0,1.0,102.47,106.1,102.1217,106.03,718700.0
2013-08-09,105.8,106.89,105.0101,105.8,781700.0,0.0,1.0,105.8,106.89,105.0101,105.8,781700.0
2013-08-12,105.28,105.95,104.81,105.28,396300.0,0.0,1.0,105.28,105.95,104.81,105.28,396300.0
2013-08-13,105.45,106.5,104.54,105.45,272500.0,0.0,1.0,105.45,106.5,104.54,105.45,272500.0
2013-08-14,104.81,105.62,103.45,103.5,301000.0,0.0,1.0,104.81,105.62,103.45,103.5,301000.0
2013-08-15,102.3,102.78,98.05,99.21,1525900.0,0.0,1.0,102.3,102.78,98.05,99.21,1525900.0
2013-08-16,99.47,100.39,98.48,98.61,1027300.0,0.0,1.0,99.47,100.39,98.48,98.61,1027300.0
2013-08-19,98.12,99.63,98.1,99.31,827000.0,0.0,1.0,98.12,99.63,98.1,99.31,827000.0
2013-08-20,99.85,103.04,99.4,101.47,731100.0,0.0,1.0,99.85,103.04,99.4,101.47,731100.0
2013-08-21,101.31,102.56,100.15,101.52,524200.0,0.0,1.0,101.31,102.56,100.15,101.52,524200.0
2013-08-22,102.05,102.5299,100.955,102.04,225200.0,0.0,1.0,102.05,102.5299,100.955,102.04,225200.0
2013-08-23,102.81,103.94,101.13,103.75,469300.0,0.0,1.0,102.81,103.94,101.13,103.75,469300.0
2013-08-26,104.32,105.0,103.32,104.18,394500.0,0.0,1.0,104.32,105.0,103.32,104.18,394500.0
2013-08-27,102.99,103.15,99.91,100.31,476900.0,0.0,1.0,102.99,103.15,99.91,100.31,476900.0
2013-08-28,100.36,101.07,99.5601,100.1,385100.0,0.0,1.0,100.36,101.07,99.5601,100.1,385100.0
2013-08-29,99.91,101.51,99.541,100.99,240700.0,0.0,1.0,99.91,101.51,99.541,100.99,240700.0
2013-08-30,102.55,102.55,99.08,99.24,567300.0,0.0,1.0,102.55,102.55,99.08,99.24,567300.0
2013-09-03,100.62,100.99,98.28,98.54,627000.0,0.0,1.0,100.62,100.99,98.28,98.54,627000.0
2013-09-04,98.54,98.975,97.41,97.86,949000.0,0.0,1.0,98.54,98.975,97.41,97.86,949000.0
2013-09-05,98.09,98.32,97.301,98.0,856500.0,0.0,1.0,98.09,98.32,97.301,98.0,856500.0
2013-09-06,98.1,99.02,96.442,97.24,947500.0,0.0,1.0,98.1,99.02,96.442,97.24,947500.0
2013-09-09,99.2,101.88,98.45,101.35,912900.0,0.0,1.0,99.2,101.88,98.45,101.35,912900.0
2013-09-10,102.04,104.26,101.0947,103.67,783200.0,0.0,1.0,102.04,104.26,101.0947,103.67,783200.0
2013-09-11,103.43,104.2,101.68,102.16,781000.0,0.0,1.0,103.43,104.2,101.68,102.16,781000.0
2013-09-12,101.53,103.1035,99.96,100.16,1780200.0,0.0,1.0,101.53,103.1035,99.96,100.16,1780200.0
2013-09-13,114.1,118.27,112.47,117.53,4487000.0,0.0,1.0,114.1,118.27,112.47,117.53,4487000.0
2013-09-16,118.5,120.11,117.381,118.35,1471800.0,0.0,1.0,118.5,120.11,117.381,118.35,1471800.0
2013-09-17,116.98,117.925,116.63,117.13,1055800.0,0.0,1.0,116.98,117.925,116.63,117.13,1055800.0
2013-09-18,117.08,120.365,116.46,119.99,1261100.0,0.0,1.0,117.08,120.365,116.46,119.99,1261100.0
2013-09-19,120.72,121.4977,118.3,118.75,922900.0,0.0,1.0,120.72,121.4977,118.3,118.75,922900.0
2013-09-20,119.27,119.82,116.66,117.63,1283300.0,0.0,1.0,119.27,119.82,116.66,117.63,1283300.0
2013-09-23,116.14,117.87,116.0,117.11,586400.0,0.0,1.0,116.14,117.87,116.0,117.11,586400.0
2013-09-24,117.08,118.34,116.23,117.15,434100.0,0.0,1.0,117.08,118.34,116.23,117.15,434100.0
2013-09-25,117.65,117.8958,115.71,116.78,352300.0,0.0,1.0,117.65,117.8958,115.71,116.78,352300.0
2013-09-26,117.75,118.88,116.83,117.32,356600.0,0.0,1.0,117.75,118.88,116.83,117.32,356600.0
2013-09-27,117.11,119.17,116.08,119.11,488100.0,0.0,1.0,117.11,119.17,116.08,119.11,488100.0
2013-09-30,118.07,119.75,117.29,119.46,620600.0,0.0,1.0,118.07,119.75,117.29,119.46,620600.0
2013-10-01,119.65,121.99,119.0901,121.74,854600.0,0.0,1.0,119.65,121.99,119.0901,121.74,854600.0
2013-10-02,121.31,121.86,120.6,121.42,398800.0,0.0,1.0,121.31,121.86,120.6,121.42,398800.0
2013-10-03,121.86,126.025,121.81,124.04,1144800.0,0.0,1.0,121.86,126.025,121.81,124.04,1144800.0
2013-10-04,124.16,125.0,122.84,123.92,1119700.0,0.0,1.0,124.16,125.0,122.84,123.92,1119700.0
2013-10-07,122.79,125.15,122.32,123.49,695400.0,0.0,1.0,122.79,125.15,122.32,123.49,695400.0
2013-10-08,123.17,123.57,119.93,119.99,944100.0,0.0,1.0,123.17,123.57,119.93,119.99,944100.0
2013-10-09,118.77,120.02,116.41,118.63,823300.0,0.0,1.0,118.77,120.02,116.41,118.63,823300.0
2013-10-10,120.27,120.93,118.8,119.81,541700.0,0.0,1.0,120.27,120.93,118.8,119.81,541700.0
2013-10-11,120.0,120.0,118.23,118.638,597200.0,0.0,1.0,120.0,120.0,118.23,118.638,597200.0
2013-10-14,117.56,118.74,116.35,118.22,663600.0,0.0,1.0,117.56,118.74,116.35,118.22,663600.0
2013-10-15,118.55,119.06,116.5801,117.85,1168300.0,0.0,1.0,118.55,119.06,116.5801,117.85,1168300.0
2013-10-16,118.5,122.43,117.92,121.584,685600.0,0.0,1.0,118.5,122.43,117.92,121.584,685600.0
2013-10-17,121.08,124.11,120.07,123.69,652400.0,0.0,1.0,121.08,124.11,120.07,123.69,652400.0
2013-10-18,124.69,126.95,124.0,126.21,682900.0,0.0,1.0,124.69,126.95,124.0,126.21,682900.0
2013-10-21,127.31,127.46,123.07,125.99,981200.0,0.0,1.0,127.31,127.46,123.07,125.99,981200.0
2013-10-22,127.05,127.8999,124.78,126.11,292000.0,0.0,1.0,127.05,127.8999,124.78,126.11,292000.0
2013-10-23,125.33,126.19,124.42,125.77,255800.0,0.0,1.0,125.33,126.19,124.42,125.77,255800.0
2013-10-24,125.61,128.28,125.04,128.28,378200.0,0.0,1.0,125.61,128.28,125.04,128.28,378200.0
2013-10-25,128.85,128.9,126.7,127.52,465700.0,0.0,1.0,128.85,128.9,126.7,127.52,465700.0
2013-10-28,127.55,129.14,126.48,127.29,561100.0,0.0,1.0,127.55,129.14,126.48,127.29,561100.0
2013-10-29,127.59,128.39,126.81,128.29,230200.0,0.0,1.0,127.59,128.39,126.81,128.29,230200.0
2013-10-30,128.19,129.419,127.67,128.56,414600.0,0.0,1.0,128.19,129.419,127.67,128.56,414600.0
2013-10-31,128.3,129.97,127.5,128.85,439900.0,0.0,1.0,128.3,129.97,127.5,128.85,439900.0
2013-11-01,128.8,130.33,127.68,128.63,271800.0,0.0,1.0,128.8,130.33,127.68,128.63,271800.0
2013-11-04,129.31,131.33,128.43,130.7,354400.0,0.0,1.0,129.31,131.33,128.43,130.7,354400.0
2013-11-05,130.4,131.99,128.85,131.5,232100.0,0.0,1.0,130.4,131.99,128.85,131.5,232100.0
2013-11-06,131.84,131.94,129.63,131.41,282300.0,0.0,1.0,131.84,131.94,129.63,131.41,282300.0
2013-11-07,131.46,131.96,126.3,126.84,593600.0,0.0,1.0,131.46,131.96,126.3,126.84,593600.0
2013-11-08,127.06,129.2,126.61,127.89,507600.0,0.0,1.0,127.06,129.2,126.61,127.89,507600.0
2013-11-11,128.46,129.91,127.07,128.27,377400.0,0.0,1.0,128.46,129.91,127.07,128.27,377400.0
2013-11-12,128.62,129.67,127.22,129.53,587500.0,0.0,1.0,128.62,129.67,127.22,129.53,587500.0
2013-11-13,128.54,130.53,128.02,130.41,433400.0,0.0,1.0,128.54,130.53,128.02,130.41,433400.0
2013-11-14,130.31,130.67,129.05,130.44,305700.0,0.0,1.0,130.31,130.67,129.05,130.44,305700.0
2013-11-15,130.16,132.35,130.16,131.242,391500.0,0.0,1.0,130.16,132.35,130.16,131.242,391500.0
2013-11-18,132.02,132.72,129.58,129.98,357500.0,0.0,1.0,132.02,132.72,129.58,129.98,357500.0
2013-11-19,129.96,131.409,127.37,127.49,371400.0,0.0,1.0,129.96,131.409,127.37,127.49,371400.0
2013-11-20,128.1,128.34,125.74,125.8,444700.0,0.0,1.0,128.1,128.34,125.74,125.8,444700.0
2013-11-21,125.8,129.16,125.8,127.11,462900.0,0.0,1.0,125.8,129.16,125.8,127.11,462900.0
2013-11-22,127.37,128.54,127.01,128.0,326600.0,0.0,1.0,127.37,128.54,127.01,128.0,326600.0
2013-11-25,128.16,130.0,127.95,129.15,311800.0,0.0,1.0,128.16,130.0,127.95,129.15,311800.0
2013-11-26,128.89,130.73,128.842,128.89,454600.0,0.0,1.0,128.89,130.73,128.842,128.89,454600.0
2013-11-27,129.0,129.4899,127.86,128.47,433300.0,0.0,1.0,129.0,129.4899,127.86,128.47,433300.0
2013-11-29,128.66,128.7499,126.43,126.94,340000.0,0.0,1.0,128.66,128.7499,126.43,126.94,340000.0
2013-12-02,126.74,128.118,126.34,126.93,396500.0,0.0,1.0,126.74,128.118,126.34,126.93,396500.0
2013-12-03,126.39,126.89,124.44,125.01,598100.0,0.0,1.0,126.39,126.89,124.44,125.01,598100.0
2013-12-04,123.73,124.9899,122.55,123.48,1079800.0,0.0,1.0,123.73,124.9899,122.55,123.48,1079800.0
2013-12-05,124.85,125.9,117.8,118.0,2509100.0,0.0,1.0,124.85,125.9,117.8,118.0,2509100.0
2013-12-06,92.27,97.75,91.7,93.76,13926700.0,0.0,1.0,92.27,97.75,91.7,93.76,13926700.0
2013-12-09,93.13,93.8,89.65,90.21,6152800.0,0.0,1.0,93.13,93.8,89.65,90.21,6152800.0
2013-12-10,89.42,96.31,89.42,94.39,4165200.0,0.0,1.0,89.42,96.31,89.42,94.39,4165200.0
2013-12-11,94.22,95.36,92.74,93.21,3018400.0,0.0,1.0,94.22,95.36,92.74,93.21,3018400.0
2013-12-12,93.37,93.37,91.1,91.24,914500.0,0.0,1.0,93.37,93.37,91.1,91.24,914500.0
2013-12-13,91.48,93.32,91.26,91.96,876800.0,0.0,1.0,91.48,93.32,91.26,91.96,876800.0
2013-12-16,92.14,92.995,90.6,91.18,1095100.0,0.0,1.0,92.14,92.995,90.6,91.18,1095100.0
2013-12-17,91.94,91.94,88.6125,91.63,1820700.0,0.0,1.0,91.94,91.94,88.6125,91.63,1820700.0
2013-12-18,91.5,94.39,91.49,93.64,1849000.0,0.0,1.0,91.5,94.39,91.49,93.64,1849000.0
2013-12-19,93.02,94.63,92.73,93.44,743200.0,0.0,1.0,93.02,94.63,92.73,93.44,743200.0
2013-12-20,93.71,95.1947,93.235,95.19,1917100.0,0.0,1.0,93.71,95.1947,93.235,95.19,1917100.0
2013-12-23,95.17,95.92,93.01,93.36,1092600.0,0.0,1.0,95.17,95.92,93.01,93.36,1092600.0
2013-12-24,93.42,94.99,93.06,94.42,515900.0,0.0,1.0,93.42,94.99,93.06,94.42,515900.0
2013-12-26,95.05,95.5499,94.35,94.81,544100.0,0.0,1.0,95.05,95.5499,94.35,94.81,544100.0
2013-12-27,94.69,95.4,93.48,93.53,412000.0,0.0,1.0,94.69,95.4,93.48,93.53,412000.0
2013-12-30,93.75,94.38,93.07,94.37,622800.0,0.0,1.0,93.75,94.38,93.07,94.37,622800.0
2013-12-31,94.26,97.15,93.59,96.52,1382500.0,0.0,1.0,94.26,97.15,93.59,96.52,1382500.0
2014-01-02,96.21,98.26,95.7,95.91,1619100.0,0.0,1.0,96.21,98.26,95.7,95.91,1619100.0
2014-01-03,95.9,97.03,94.6599,94.92,708200.0,0.0,1.0,95.9,97.03,94.6599,94.92,708200.0
2014-01-06,95.03,95.65,92.51,92.91,1182000.0,0.0,1.0,95.03,95.65,92.51,92.91,1182000.0
2014-01-07,93.32,94.825,92.17,94.46,829900.0,0.0,1.0,93.32,94.825,92.17,94.46,829900.0
2014-01-08,94.24,94.316,92.96,94.17,653800.0,0.0,1.0,94.24,94.316,92.96,94.17,653800.0
2014-01-09,94.19,94.42,91.61,92.29,1126000.0,0.0,1.0,94.19,94.42,91.61,92.29,1126000.0
2014-01-10,92.6,93.58,91.66,92.33,790900.0,0.0,1.0,92.6,93.58,91.66,92.33,790900.0
2014-01-13,91.98,92.36,88.1508,88.89,1198700.0,0.0,1.0,91.98,92.36,88.1508,88.89,1198700.0
2014-01-14,89.13,90.3,88.32,88.76,999600.0,0.0,1.0,89.13,90.3,88.32,88.76,999600.0
2014-01-15,88.5,88.853,82.4201,85.89,3204800.0,0.0,1.0,88.5,88.853,82.4201,85.89,3204800.0
2014-01-16,85.5,85.75,82.33,82.75,2979100.0,0.0,1.0,85.5,85.75,82.33,82.75,2979100.0
2014-01-17,81.67,85.24,81.19,83.56,1772800.0,0.0,1.0,81.67,85.24,81.19,83.56,1772800.0
2014-01-21,83.82,83.82,80.47,80.93,1618500.0,0.0,1.0,83.82,83.82,80.47,80.93,1618500.0
2014-01-22,81.24,83.1,80.35,83.06,1297200.0,0.0,1.0,81.24,83.1,80.35,83.06,1297200.0
2014-01-23,82.8,84.79,82.49,84.62,1604600.0,0.0,1.0,82.8,84.79,82.49,84.62,1604600.0
2014-01-24,84.42,86.98,83.32,83.97,1624200.0,0.0,1.0,84.42,86.98,83.32,83.97,1624200.0
2014-01-27,83.655,84.6,82.5,83.11,874500.0,0.0,1.0,83.655,84.6,82.5,83.11,874500.0
2014-01-28,82.7,84.41,82.7,84.25,995800.0,0.0,1.0,82.7,84.41,82.7,84.25,995800.0
2014-01-29,83.46,84.63,81.895,82.55,1143400.0,0.0,1.0,83.46,84.63,81.895,82.55,1143400.0
2014-01-30,83.04,86.17,82.79,85.97,919800.0,0.0,1.0,83.04,86.17,82.79,85.97,919800.0
2014-01-31,83.87,86.03,83.5,85.71,1188100.0,0.0,1.0,83.87,86.03,83.5,85.71,1188100.0
2014-02-03,85.75,86.03,83.09,83.93,1443400.0,0.0,1.0,85.75,86.03,83.09,83.93,1443400.0
2014-02-04,84.07,85.11,83.3303,83.5,1108600.0,0.0,1.0,84.07,85.11,83.3303,83.5,1108600.0
2014-02-05,83.58,85.88,82.52,85.82,1321900.0,0.0,1.0,83.58,85.88,82.52,85.82,1321900.0
2014-02-06,85.96,88.8197,85.96,88.34,1213800.0,0.0,1.0,85.96,88.8197,85.96,88.34,1213800.0
2014-02-07,87.31,89.62,86.01,88.31,976700.0,0.0,1.0,87.31,89.62,86.01,88.31,976700.0
2014-02-10,88.26,88.76,87.09,87.72,558100.0,0.0,1.0,88.26,88.76,87.09,87.72,558100.0
2014-02-11,87.88,87.88,86.285,86.45,1306000.0,0.0,1.0,87.88,87.88,86.285,86.45,1306000.0
2014-02-12,86.29,87.22,85.2,86.42,749200.0,0.0,1.0,86.29,87.22,85.2,86.42,749200.0
2014-02-13,86.07,87.0494,85.6,86.04,748800.0,0.0,1.0,86.07,87.0494,85.6,86.04,748800.0
2014-02-14,85.82,86.47,85.01,85.71,714800.0,0.0,1.0,85.82,86.47,85.01,85.71,714800.0
2014-02-18,85.87,88.43,85.76,87.75,645200.0,0.0,1.0,85.87,88.43,85.76,87.75,645200.0
2014-02-19,87.76,88.9,87.19,87.56,535200.0,0.0,1.0,87.76,88.9,87.19,87.56,535200.0
2014-02-20,87.6,88.32,85.72,86.15,791700.0,0.0,1.0,87.6,88.32,85.72,86.15,791700.0
2014-02-21,86.15,87.18,83.98,85.98,1323500.0,0.0,1.0,86.15,87.18,83.98,85.98,1323500.0
2014-02-24,86.0,88.21,85.99,87.44,897100.0,0.0,1.0,86.0,88.21,85.99,87.44,897100.0
2014-02-25,87.46,89.5,87.46,88.79,776200.0,0.0,1.0,87.46,89.5,87.46,88.79,776200.0
2014-02-26,89.0,92.67,88.351,90.22,1149500.0,0.0,1.0,89.0,92.67,88.351,90.22,1149500.0
2014-02-27,90.17,92.04,89.42,91.62,718800.0,0.0,1.0,90.17,92.04,89.42,91.62,718800.0
2014-02-28,91.83,92.468,89.0601,89.69,801900.0,0.0,1.0,91.83,92.468,89.0601,89.69,801900.0
2014-03-03,88.94,89.86,88.176,88.42,568500.0,0.0,1.0,88.94,89.86,88.176,88.42,568500.0
2014-03-04,89.36,89.94,88.39,89.06,631100.0,0.0,1.0,89.36,89.94,88.39,89.06,631100.0
2014-03-05,89.62,89.82,87.98,88.5,949100.0,0.0,1.0,89.62,89.82,87.98,88.5,949100.0
2014-03-06,88.74,88.94,86.9,87.3,716600.0,0.0,1.0,88.74,88.94,86.9,87.3,716600.0
2014-03-07,87.95,88.17,86.52,87.3,954600.0,0.0,1.0,87.95,88.17,86.52,87.3,954600.0
2014-03-10,87.14,89.85,86.975,89.64,1388500.0,0.0,1.0,87.14,89.85,86.975,89.64,1388500.0
2014-03-11,89.55,92.91,89.2,91.5,2251400.0,0.0,1.0,89.55,92.91,89.2,91.5,2251400.0
2014-03-12,90.69,91.7499,89.09,91.39,1505400.0,0.0,1.0,90.69,91.7499,89.09,91.39,1505400.0
2014-03-13,91.38,91.6,89.05,89.51,2317600.0,0.0,1.0,91.38,91.6,89.05,89.51,2317600.0
2014-03-14,95.89,97.86,95.0,95.26,7449500.0,0.0,1.0,95.89,97.86,95.0,95.26,7449500.0
2014-03-17,95.5,96.8,94.42,96.41,1387300.0,0.0,1.0,95.5,96.8,94.42,96.41,1387300.0
2014-03-18,96.37,99.47,96.024,98.64,1452600.0,0.0,1.0,96.37,99.47,96.024,98.64,1452600.0
2014-03-19,98.85,101.35,97.85,101.27,1556100.0,0.0,1.0,98.85,101.35,97.85,101.27,1556100.0
2014-03-20,103.03,106.83,102.775,104.3,3055800.0,0.0,1.0,103.03,106.83,102.775,104.3,3055800.0
2014-03-21,104.1,105.0,100.84,100.84,1975600.0,0.0,1.0,104.1,105.0,100.84,100.84,1975600.0
2014-03-24,100.45,101.88,99.931,101.26,1110800.0,0.0,1.0,100.45,101.88,99.931,101.26,1110800.0
2014-03-25,101.41,102.219,99.8,100.34,1030300.0,0.0,1.0,101.41,102.219,99.8,100.34,1030300.0
2014-03-26,102.65,105.0,101.42,101.43,1326500.0,0.0,1.0,102.65,105.0,101.42,101.43,1326500.0
2014-03-27,101.01,101.27,98.13,98.75,1505600.0,0.0,1.0,101.01,101.27,98.13,98.75,1505600.0
2014-03-28,98.87,100.17,96.57,97.89,1568100.0,0.0,1.0,98.87,100.17,96.57,97.89,1568100.0
2014-03-31,98.47,98.9,96.795,97.44,1066500.0,0.0,1.0,98.47,98.9,96.795,97.44,1066500.0
2014-04-01,97.59,99.33,97.146,98.98,1351400.0,0.0,1.0,97.59,99.33,97.146,98.98,1351400.0
2014-04-02,98.9,100.25,98.8,100.11,916700.0,0.0,1.0,98.9,100.25,98.8,100.11,916700.0
2014-04-03,100.26,100.78,99.32,99.77,694300.0,0.0,1.0,100.26,100.78,99.32,99.77,694300.0
2014-04-04,100.09,100.635,95.23,96.09,1314900.0,0.0,1.0,100.09,100.635,95.23,96.09,1314900.0
2014-04-07,95.71,95.93,91.76,93.75,1483700.0,0.0,1.0,95.71,95.93,91.76,93.75,1483700.0
2014-04-08,93.43,96.04,93.31,95.87,1329200.0,0.0,1.0,93.43,96.04,93.31,95.87,1329200.0
2014-04-09,96.3,98.43,95.285,97.08,833400.0,0.0,1.0,96.3,98.43,95.285,97.08,833400.0
2014-04-10,96.84,97.27,93.96,94.85,1342200.0,0.0,1.0,96.84,97.27,93.96,94.85,1342200.0
2014-04-11,93.78,94.0,88.46,91.05,2960100.0,0.0,1.0,93.78,94.0,88.46,91.05,2960100.0
2014-04-14,91.85,93.37,89.62,90.13,1022500.0,0.0,1.0,91.85,93.37,89.62,90.13,1022500.0
2014-04-15,91.08,92.24,87.671,90.42,1329600.0,0.0,1.0,91.08,92.24,87.671,90.42,1329600.0
2014-04-16,91.17,92.5979,89.74,90.22,969400.0,0.0,1.0,91.17,92.5979,89.74,90.22,969400.0
2014-04-17,90.26,90.77,86.57,87.79,1795000.0,0.0,1.0,90.26,90.77,86.57,87.79,1795000.0
2014-04-21,88.2,90.77,88.2,89.59,1003500.0,0.0,1.0,88.2,90.77,88.2,89.59,1003500.0
2014-04-22,90.18,91.239,88.86,89.41,873300.0,0.0,1.0,90.18,91.239,88.86,89.41,873300.0
2014-04-23,89.41,89.74,88.09,88.22,672200.0,0.0,1.0,89.41,89.74,88.09,88.22,672200.0
2014-04-24,88.85,90.09,86.825,89.63,606800.0,0.0,1.0,88.85,90.09,86.825,89.63,606800.0
2014-04-25,89.2,90.01,87.5,88.11,498700.0,0.0,1.0,89.2,90.01,87.5,88.11,498700.0
2014-04-28,88.42,89.8125,84.59,86.58,1377000.0,0.0,1.0,88.42,89.8125,84.59,86.58,1377000.0
2014-04-29,86.57,87.16,84.86,86.0,763500.0,0.0,1.0,86.57,87.16,84.86,86.0,763500.0
2014-04-30,85.95,87.9,85.36,87.71,884600.0,0.0,1.0,85.95,87.9,85.36,87.71,884600.0
2014-05-01,87.6,88.13,85.93,85.97,1093400.0,0.0,1.0,87.6,88.13,85.93,85.97,1093400.0
2014-05-02,86.35,88.39,86.17,88.12,2345600.0,0.0,1.0,86.35,88.39,86.17,88.12,2345600.0
2014-05-05,88.47,89.21,86.61,88.54,983500.0,0.0,1.0,88.47,89.21,86.61,88.54,983500.0
2014-05-06,88.23,89.16,87.34,87.55,1117000.0,0.0,1.0,88.23,89.16,87.34,87.55,1117000.0
2014-05-07,87.15,88.75,84.4301,84.79,1402700.0,0.0,1.0,87.15,88.75,84.4301,84.79,1402700.0
2014-05-08,84.64,87.35,84.64,85.86,1021200.0,0.0,1.0,84.64,87.35,84.64,85.86,1021200.0
2014-05-09,85.58,87.97,84.76,87.87,747400.0,0.0,1.0,85.58,87.97,84.76,87.87,747400.0
2014-05-12,88.05,90.3199,87.73,89.88,747800.0,0.0,1.0,88.05,90.3199,87.73,89.88,747800.0
2014-05-13,89.24,89.625,87.57,88.51,659200.0,0.0,1.0,89.24,89.625,87.57,88.51,659200.0
2014-05-14,88.41,88.85,86.83,87.15,569700.0,0.0,1.0,88.41,88.85,86.83,87.15,569700.0
2014-05-15,87.11,87.18,84.76,86.76,1189600.0,0.0,1.0,87.11,87.18,84.76,86.76,1189600.0
2014-05-16,86.49,88.03,85.28,87.87,877900.0,0.0,1.0,86.49,88.03,85.28,87.87,877900.0
2014-05-19,87.65,88.22,85.66,86.67,721600.0,0.0,1.0,87.65,88.22,85.66,86.67,721600.0
2014-05-20,86.44,86.44,85.05,85.33,669300.0,0.0,1.0,86.44,86.44,85.05,85.33,669300.0
2014-05-21,85.84,86.67,84.13,84.82,816800.0,0.0,1.0,85.84,86.67,84.13,84.82,816800.0
2014-05-22,84.68,86.22,84.68,84.98,675800.0,0.0,1.0,84.68,86.22,84.68,84.98,675800.0
2014-05-23,85.2,85.86,84.6,85.43,666200.0,0.0,1.0,85.2,85.86,84.6,85.43,666200.0
2014-05-27,85.8,87.87,85.785,87.22,909700.0,0.0,1.0,85.8,87.87,85.785,87.22,909700.0
2014-05-28,87.0,87.17,83.76,85.4,1058500.0,0.0,1.0,87.0,87.17,83.76,85.4,1058500.0
2014-05-29,85.7,85.76,83.54,85.03,1084100.0,0.0,1.0,85.7,85.76,83.54,85.03,1084100.0
2014-05-30,84.9,85.39,84.36,84.9,677100.0,0.0,1.0,84.9,85.39,84.36,84.9,677100.0
2014-06-02,85.05,87.27,84.735,86.8,730800.0,0.0,1.0,85.05,87.27,84.735,86.8,730800.0
2014-06-03,86.8,87.19,86.22,86.77,557900.0,0.0,1.0,86.8,87.19,86.22,86.77,557900.0
2014-06-04,86.57,87.26,86.04,87.03,383700.0,0.0,1.0,86.57,87.26,86.04,87.03,383700.0
2014-06-05,87.09,88.0,85.54,85.93,705700.0,0.0,1.0,87.09,88.0,85.54,85.93,705700.0
2014-06-06,86.01,87.18,85.81,86.25,739400.0,0.0,1.0,86.01,87.18,85.81,86.25,739400.0
2014-06-09,86.27,87.084,85.14,85.41,1233700.0,0.0,1.0,86.27,87.084,85.14,85.41,1233700.0
2014-06-10,85.12,85.64,84.2,85.31,3146300.0,0.0,1.0,85.12,85.64,84.2,85.31,3146300.0
2014-06-11,96.17,98.61,95.5,97.11,6442000.0,0.0,1.0,96.17,98.61,95.5,97.11,6442000.0
2014-06-12,96.54,96.945,94.86,95.0,1770700.0,0.0,1.0,96.54,96.945,94.86,95.0,1770700.0
2014-06-13,94.63,95.55,94.09,95.11,770100.0,0.0,1.0,94.63,95.55,94.09,95.11,770100.0
2014-06-16,94.92,95.4399,93.75,94.5,826400.0,0.0,1.0,94.92,95.4399,93.75,94.5,826400.0
2014-06-17,94.5,95.34,94.26,94.64,606200.0,0.0,1.0,94.5,95.34,94.26,94.64,606200.0
2014-06-18,94.34,95.05,94.13,94.89,635800.0,0.0,1.0,94.34,95.05,94.13,94.89,635800.0
2014-06-19,94.97,95.6,94.27,95.03,777000.0,0.0,1.0,94.97,95.6,94.27,95.03,777000.0
2014-06-20,94.78,95.85,94.64,95.0,974500.0,0.0,1.0,94.78,95.85,94.64,95.0,974500.0
2014-06-23,95.0,95.445,94.11,94.67,620100.0,0.0,1.0,95.0,95.445,94.11,94.67,620100.0
2014-06-24,94.35,95.02,93.83,93.88,815000.0,0.0,1.0,94.35,95.02,93.83,93.88,815000.0
2014-06-25,93.95,94.33,92.3,92.61,974400.0,0.0,1.0,93.95,94.33,92.3,92.61,974400.0
2014-06-26,92.83,93.29,91.04,91.33,911100.0,0.0,1.0,92.83,93.29,91.04,91.33,911100.0
2014-06-27,91.07,92.6925,90.82,92.09,995300.0,0.0,1.0,91.07,92.6925,90.82,92.09,995300.0
2014-06-30,92.16,92.72,91.0,91.41,756000.0,0.0,1.0,92.16,92.72,91.0,91.41,756000.0
2014-07-01,91.63,93.64,91.63,93.41,705000.0,0.0,1.0,91.63,93.64,91.63,93.41,705000.0
2014-07-02,93.27,95.17,93.025,94.5,707400.0,0.0,1.0,93.27,95.17,93.025,94.5,707400.0
2014-07-03,94.84,96.95,94.79,96.43,695300.0,0.0,1.0,94.84,96.95,94.79,96.43,695300.0
2014-07-07,96.09,96.845,95.525,96.0,610900.0,0.0,1.0,96.09,96.845,95.525,96.0,610900.0
2014-07-08,95.97,96.01,94.52,94.91,762600.0,0.0,1.0,95.97,96.01,94.52,94.91,762600.0
2014-07-09,94.45,95.505,94.06,94.42,558100.0,0.0,1.0,94.45,95.505,94.06,94.42,558100.0
2014-07-10,93.46,94.015,92.11,92.69,627700.0,0.0,1.0,93.46,94.015,92.11,92.69,627700.0
2014-07-11,92.74,93.4199,91.21,91.64,607600.0,0.0,1.0,92.74,93.4199,91.21,91.64,607600.0
2014-07-14,92.5,92.5,90.77,91.5,792400.0,0.0,1.0,92.5,92.5,90.77,91.5,792400.0
2014-07-15,91.68,92.339,90.1,90.75,632300.0,0.0,1.0,91.68,92.339,90.1,90.75,632300.0
2014-07-16,91.02,91.02,89.24,89.26,640100.0,0.0,1.0,91.02,91.02,89.24,89.26,640100.0
2014-07-17,88.88,89.98,88.14,89.75,1103300.0,0.0,1.0,88.88,89.98,88.14,89.75,1103300.0
2014-07-18,89.97,90.78,89.54,90.44,588200.0,0.0,1.0,89.97,90.78,89.54,90.44,588200.0
2014-07-21,90.24,93.13,90.08,93.02,986700.0,0.0,1.0,90.24,93.13,90.08,93.02,986700.0
2014-07-22,93.75,93.8,91.522,92.09,603000.0,0.0,1.0,93.75,93.8,91.522,92.09,603000.0
2014-07-23,92.06,92.37,91.37,92.2,707100.0,0.0,1.0,92.06,92.37,91.37,92.2,707100.0
2014-07-24,92.04,93.31,91.27,93.14,577600.0,0.0,1.0,92.04,93.31,91.27,93.14,577600.0
2014-07-25,92.7,93.105,91.1601,92.64,578400.0,0.0,1.0,92.7,93.105,91.1601,92.64,578400.0
2014-07-28,92.77,92.77,91.72,92.29,594100.0,0.0,1.0,92.77,92.77,91.72,92.29,594100.0
2014-07-29,92.4,92.67,91.82,92.25,469100.0,0.0,1.0,92.4,92.67,91.82,92.25,469100.0
2014-07-30,92.45,94.28,92.18,94.13,763100.0,0.0,1.0,92.45,94.28,92.18,94.13,763100.0
2014-07-31,93.85,94.335,92.3,92.33,746200.0,0.0,1.0,93.85,94.335,92.3,92.33,746200.0
2014-08-01,92.33,93.39,91.62,93.06,962200.0,0.0,1.0,92.33,93.39,91.62,93.06,962200.0
2014-08-04,93.2,95.18,93.1,94.6,833200.0,0.0,1.0,93.2,95.18,93.1,94.6,833200.0
2014-08-05,93.95,95.89,93.885,95.32,681000.0,0.0,1.0,93.95,95.89,93.885,95.32,681000.0
2014-08-06,95.0,95.88,94.331,94.61,826900.0,0.0,1.0,95.0,95.88,94.331,94.61,826900.0
2014-08-07,94.86,95.77,93.7,93.92,508900.0,0.0,1.0,94.86,95.77,93.7,93.92,508900.0
2014-08-08,94.0,95.0,93.91,95.0,410700.0,0.0,1.0,94.0,95.0,93.91,95.0,410700.0
2014-08-11,95.07,95.59,94.35,95.29,379000.0,0.0,1.0,95.07,95.59,94.35,95.29,379000.0
2014-08-12,95.44,95.44,92.153,92.97,661200.0,0.0,1.0,95.44,95.44,92.153,92.97,661200.0
2014-08-13,92.99,93.54,91.755,92.45,454200.0,0.0,1.0,92.99,93.54,91.755,92.45,454200.0
2014-08-14,92.5,94.39,92.5,93.73,402900.0,0.0,1.0,92.5,94.39,92.5,93.73,402900.0
2014-08-15,94.37,94.5,91.9,93.24,611000.0,0.0,1.0,94.37,94.5,91.9,93.24,611000.0
2014-08-18,93.34,94.83,93.1275,94.53,441800.0,0.0,1.0,93.34,94.83,93.1275,94.53,441800.0
2014-08-19,94.85,96.12,94.19,95.64,426500.0,0.0,1.0,94.85,96.12,94.19,95.64,426500.0
2014-08-20,96.01,99.37,94.8147,97.49,938700.0,0.0,1.0,96.01,99.37,94.8147,97.49,938700.0
2014-08-21,97.07,97.98,95.2647,96.0,508900.0,0.0,1.0,97.07,97.98,95.2647,96.0,508900.0
2014-08-22,95.89,97.8456,95.3415,97.21,489400.0,0.0,1.0,95.89,97.8456,95.3415,97.21,489400.0
2014-08-25,97.67,98.04,96.776,97.4,577200.0,0.0,1.0,97.67,98.04,96.776,97.4,577200.0
2014-08-26,97.55,98.94,97.3937,97.72,507900.0,0.0,1.0,97.55,98.94,97.3937,97.72,507900.0
2014-08-27,97.75,98.5899,97.63,98.14,421300.0,0.0,1.0,97.75,98.5899,97.63,98.14,421300.0
2014-08-28,97.82,98.3047,97.01,97.91,354600.0,0.0,1.0,97.82,98.3047,97.01,97.91,354600.0
2014-08-29,98.15,98.82,97.15,97.31,523300.0,0.0,1.0,98.15,98.82,97.15,97.31,523300.0
2014-09-02,97.46,98.45,96.77,98.36,543300.0,0.0,1.0,97.46,98.45,96.77,98.36,543300.0
2014-09-03,98.58,99.25,98.08,99.16,641900.0,0.0,1.0,98.58,99.25,98.08,99.16,641900.0
2014-09-04,99.42,101.77,99.11,99.59,825600.0,0.0,1.0,99.42,101.77,99.11,99.59,825600.0
2014-09-05,99.91,99.92,98.03,99.45,779900.0,0.0,1.0,99.91,99.92,98.03,99.45,779900.0
2014-09-08,99.77,100.1,97.7,98.11,871200.0,0.0,1.0,99.77,100.1,97.7,98.11,871200.0
2014-09-09,98.11,99.23,96.58,96.99,1183300.0,0.0,1.0,98.11,99.23,96.58,96.99,1183300.0
2014-09-10,97.43,97.65,95.83,96.78,1095200.0,0.0,1.0,97.43,97.65,95.83,96.78,1095200.0
2014-09-11,96.45,97.69,95.86,97.48,3685800.0,0.0,1.0,96.45,97.69,95.86,97.48,3685800.0
2014-09-12,114.5,118.1992,114.12,114.89,9527700.0,0.0,1.0,114.5,118.1992,114.12,114.89,9527700.0
2014-09-15,114.61,115.29,113.14,114.41,1609700.0,0.0,1.0,114.61,115.29,113.14,114.41,1609700.0
2014-09-16,114.04,116.97,113.2,116.15,1620400.0,0.0,1.0,114.04,116.97,113.2,116.15,1620400.0
2014-09-17,116.15,120.57,116.08,118.5,2027200.0,0.0,1.0,116.15,120.57,116.08,118.5,2027200.0
2014-09-18,118.72,119.315,117.49,118.4,695000.0,0.0,1.0,118.72,119.315,117.49,118.4,695000.0
2014-09-19,119.24,120.82,119.16,120.38,1460500.0,0.0,1.0,119.24,120.82,119.16,120.38,1460500.0
2014-09-22,120.6,120.996,117.87,118.92,1006300.0,0.0,1.0,120.6,120.996,117.87,118.92,1006300.0
2014-09-23,118.03,118.8,116.05,116.05,1101400.0,0.0,1.0,118.03,118.8,116.05,116.05,1101400.0
2014-09-24,117.05,120.4452,116.91,120.41,959493.0,0.0,1.0,117.05,120.4452,116.91,120.41,959493.0
2014-09-25,120.2,121.43,118.82,118.855,806273.0,0.0,1.0,120.2,121.43,118.82,118.855,806273.0
2014-09-26,119.33,119.9163,118.39,118.65,734429.0,0.0,1.0,119.33,119.9163,118.39,118.65,734429.0
2014-09-29,118.49,118.63,116.9,118.32,771640.0,0.0,1.0,118.49,118.63,116.9,118.32,771640.0
2014-09-30,118.02,120.06,117.52,118.17,743421.0,0.0,1.0,118.02,120.06,117.52,118.17,743421.0
2014-10-01,117.81,118.18,115.17,115.83,874833.0,0.0,1.0,117.81,118.18,115.17,115.83,874833.0
2014-10-02,116.0,116.44,114.29,115.31,846905.0,0.0,1.0,116.0,116.44,114.29,115.31,846905.0
2014-10-03,116.32,117.22,115.31,116.2,1422513.0,0.0,1.0,116.32,117.22,115.31,116.2,1422513.0
2014-10-06,116.7,117.25,115.94,116.0,633837.0,0.0,1.0,116.7,117.25,115.94,116.0,633837.0
2014-10-07,114.9,115.625,113.41,113.42,860880.0,0.0,1.0,114.9,115.625,113.41,113.42,860880.0
2014-10-08,113.63,115.4894,113.59,114.87,692840.0,0.0,1.0,113.63,115.4894,113.59,114.87,692840.0
2014-10-09,114.92,115.745,113.57,114.77,750290.0,0.0,1.0,114.92,115.745,113.57,114.77,750290.0
2014-10-10,114.52,115.24,112.44,114.22,697561.0,0.0,1.0,114.52,115.24,112.44,114.22,697561.0
2014-10-13,113.95,115.5,111.78,113.17,923715.0,0.0,1.0,113.95,115.5,111.78,113.17,923715.0
2014-10-14,114.0,114.9412,111.41,111.96,1270645.0,0.0,1.0,114.0,114.9412,111.41,111.96,1270645.0
2014-10-15,110.14,111.14,106.87,110.28,1673510.0,0.0,1.0,110.14,111.14,106.87,110.28,1673510.0
2014-10-16,109.37,114.305,108.745,113.85,1730448.0,0.0,1.0,109.37,114.305,108.745,113.85,1730448.0
2014-10-17,115.39,116.79,114.75,116.57,1144064.0,0.0,1.0,115.39,116.79,114.75,116.57,1144064.0
2014-10-20,116.85,120.08,116.08,119.87,1034256.0,0.0,1.0,116.85,120.08,116.08,119.87,1034256.0
2014-10-21,120.31,120.97,117.53,118.97,753837.0,0.0,1.0,120.31,120.97,117.53,118.97,753837.0
2014-10-22,119.51,119.95,117.56,117.61,603521.0,0.0,1.0,119.51,119.95,117.56,117.61,603521.0
2014-10-23,118.6,119.919,117.54,117.84,568391.0,0.0,1.0,118.6,119.919,117.54,117.84,568391.0
2014-10-24,118.34,118.42,116.28,117.35,483167.0,0.0,1.0,118.34,118.42,116.28,117.35,483167.0
2014-10-27,117.5,117.9649,116.0,117.72,474912.0,0.0,1.0,117.5,117.9649,116.0,117.72,474912.0
2014-10-28,117.95,121.129,117.115,120.97,831082.0,0.0,1.0,117.95,121.129,117.115,120.97,831082.0
2014-10-29,120.97,123.74,119.78,121.56,1042983.0,0.0,1.0,120.97,123.74,119.78,121.56,1042983.0
2014-10-30,121.21,122.12,119.9,120.56,481333.0,0.0,1.0,121.21,122.12,119.9,120.56,481333.0
2014-10-31,121.82,122.71,120.115,120.81,469458.0,0.0,1.0,121.82,122.71,120.115,120.81,469458.0
2014-11-03,121.44,122.09,119.25,119.91,954186.0,0.0,1.0,121.44,122.09,119.25,119.91,954186.0
2014-11-04,119.97,120.4,116.91,120.11,958974.0,0.0,1.0,119.97,120.4,116.91,120.11,958974.0
2014-11-05,120.81,121.575,118.12,118.66,633092.0,0.0,1.0,120.81,121.575,118.12,118.66,633092.0
2014-11-06,119.21,123.19,118.25,122.08,1074254.0,0.0,1.0,119.21,123.19,118.25,122.08,1074254.0
2014-11-07,122.12,122.92,120.79,121.75,456845.0,0.0,1.0,122.12,122.92,120.79,121.75,456845.0
2014-11-10,121.43,124.12,121.0,124.08,627568.0,0.0,1.0,121.43,124.12,121.0,124.08,627568.0
2014-11-11,124.2,124.3056,121.01,122.18,693069.0,0.0,1.0,124.2,124.3056,121.01,122.18,693069.0
2014-11-12,121.7,125.23,121.6609,125.04,666079.0,0.0,1.0,121.7,125.23,121.6609,125.04,666079.0
2014-11-13,125.64,125.955,123.3,123.92,636169.0,0.0,1.0,125.64,125.955,123.3,123.92,636169.0
2014-11-14,123.77,125.05,123.21,123.75,333552.0,0.0,1.0,123.77,125.05,123.21,123.75,333552.0
2014-11-17,123.36,125.19,122.39,124.2,788212.0,0.0,1.0,123.36,125.19,122.39,124.2,788212.0
2014-11-18,124.2,125.17,123.5303,124.88,602570.0,0.0,1.0,124.2,125.17,123.5303,124.88,602570.0
2014-11-19,124.28,129.47,124.28,127.26,1099547.0,0.0,1.0,124.28,129.47,124.28,127.26,1099547.0
2014-11-20,127.19,128.32,126.82,127.04,477898.0,0.0,1.0,127.19,128.32,126.82,127.04,477898.0
2014-11-21,128.14,128.62,127.03,127.38,741044.0,0.0,1.0,128.14,128.62,127.03,127.38,741044.0
2014-11-24,125.47,126.95,122.3022,126.77,1103539.0,0.0,1.0,125.47,126.95,122.3022,126.77,1103539.0
2014-11-25,126.8,127.84,124.55,125.7,617357.0,0.0,1.0,126.8,127.84,124.55,125.7,617357.0
2014-11-26,125.35,126.07,125.01,125.8,350123.0,0.0,1.0,125.35,126.07,125.01,125.8,350123.0
2014-11-28,126.01,128.32,126.01,126.49,218841.0,0.0,1.0,126.01,128.32,126.01,126.49,218841.0
2014-12-01,126.92,127.29,123.59,124.46,685412.0,0.0,1.0,126.92,127.29,123.59,124.46,685412.0
2014-12-02,125.21,125.6453,121.5,122.0,876929.0,0.0,1.0,125.21,125.6453,121.5,122.0,876929.0
2014-12-03,122.33,125.34,121.87,124.68,992221.0,0.0,1.0,122.33,125.34,121.87,124.68,992221.0
2014-12-04,125.16,126.05,123.6,125.74,1610191.0,0.0,1.0,125.16,126.05,123.6,125.74,1610191.0
2014-12-05,132.8,134.5,127.83,129.75,3439358.0,0.0,1.0,132.8,134.5,127.83,129.75,3439358.0
2014-12-08,128.57,129.5,125.19,126.99,1170913.0,0.0,1.0,128.57,129.5,125.19,126.99,1170913.0
2014-12-09,124.98,127.65,123.81,127.53,724563.0,0.0,1.0,124.98,127.65,123.81,127.53,724563.0
2014-12-10,127.61,128.5,125.19,125.23,733645.0,0.0,1.0,127.61,128.5,125.19,125.23,733645.0
2014-12-11,127.54,130.98,127.53,129.44,1127428.0,0.0,1.0,127.54,130.98,127.53,129.44,1127428.0
2014-12-12,128.8,130.3099,128.64,128.67,487961.0,0.0,1.0,128.8,130.3099,128.64,128.67,487961.0
2014-12-15,129.41,129.46,127.0,128.34,567546.0,0.0,1.0,129.41,129.46,127.0,128.34,567546.0
2014-12-16,128.28,128.88,126.55,127.28,579543.0,0.0,1.0,128.28,128.88,126.55,127.28,579543.0
2014-12-17,128.01,131.26,126.71,130.86,592396.0,0.0,1.0,128.01,131.26,126.71,130.86,592396.0
2014-12-18,132.25,132.79,128.75,129.7,1157790.0,0.0,1.0,132.25,132.79,128.75,129.7,1157790.0
2014-12-19,129.7,129.98,128.04,129.22,1129613.0,0.0,1.0,129.7,129.98,128.04,129.22,1129613.0
2014-12-22,129.23,130.835,128.415,128.53,620897.0,0.0,1.0,129.23,130.835,128.415,128.53,620897.0
2014-12-23,128.65,129.599,127.54,128.56,1031435.0,0.0,1.0,128.65,129.599,127.54,128.56,1031435.0
2014-12-24,128.69,128.9499,127.89,128.18,408619.0,0.0,1.0,128.69,128.9499,127.89,128.18,408619.0
2014-12-26,128.4,129.4299,127.67,127.83,291259.0,0.0,1.0,128.4,129.4299,127.67,127.83,291259.0
2014-12-29,127.87,128.92,127.83,128.765,697894.0,0.0,1.0,127.87,128.92,127.83,128.765,697894.0
2014-12-30,128.3,129.67,128.13,128.77,410931.0,0.0,1.0,128.3,129.67,128.13,128.77,410931.0
2014-12-31,128.71,130.2,127.8,127.84,462954.0,0.0,1.0,128.71,130.2,127.8,127.84,462954.0
2015-01-02,128.13,129.086,125.24,126.84,410905.0,0.0,1.0,128.13,129.086,125.24,126.84,410905.0
2015-01-05,126.31,127.98,125.65,127.15,477609.0,0.0,1.0,126.31,127.98,125.65,127.15,477609.0
2015-01-06,127.05,128.79,124.7,126.95,758152.0,0.0,1.0,127.05,128.79,124.7,126.95,758152.0
2015-01-07,128.78,130.64,127.97,130.58,597180.0,0.0,1.0,128.78,130.64,127.97,130.58,597180.0
2015-01-08,131.53,132.879,131.136,132.24,622476.0,0.0,1.0,131.53,132.879,131.136,132.24,622476.0
2015-01-09,132.0,132.865,129.841,131.57,572269.0,0.0,1.0,132.0,132.865,129.841,131.57,572269.0
2015-01-12,132.38,132.43,129.14,129.84,428315.0,0.0,1.0,132.38,132.43,129.14,129.84,428315.0
2015-01-13,130.59,132.94,127.5101,128.81,542665.0,0.0,1.0,130.59,132.94,127.5101,128.81,542665.0
2015-01-14,127.15,129.06,127.13,128.75,410884.0,0.0,1.0,127.15,129.06,127.13,128.75,410884.0
2015-01-15,131.81,131.81,126.86,127.135,681901.0,0.0,1.0,131.81,131.81,126.86,127.135,681901.0
2015-01-16,126.75,129.95,126.61,129.72,529111.0,0.0,1.0,126.75,129.95,126.61,129.72,529111.0
2015-01-20,130.39,130.6899,126.95,127.16,481604.0,0.0,1.0,130.39,130.6899,126.95,127.16,481604.0
2015-01-21,127.09,128.6689,126.6081,128.345,315470.0,0.0,1.0,127.09,128.6689,126.6081,128.345,315470.0
2015-01-22,128.9,132.63,127.5,132.56,638681.0,0.0,1.0,128.9,132.63,127.5,132.56,638681.0
2015-01-23,133.14,137.33,132.5,135.34,1233407.0,0.0,1.0,133.14,137.33,132.5,135.34,1233407.0
2015-01-26,136.68,137.4853,134.77,136.08,844179.0,0.0,1.0,136.68,137.4853,134.77,136.08,844179.0
2015-01-27,135.81,136.8299,134.15,135.84,437572.0,0.0,1.0,135.81,136.8299,134.15,135.84,437572.0
2015-01-28,136.65,137.2035,133.55,133.86,486707.0,0.0,1.0,136.65,137.2035,133.55,133.86,486707.0
2015-01-29,134.38,134.58,132.333,134.4,563886.0,0.0,1.0,134.38,134.58,132.333,134.4,563886.0
2015-01-30,134.28,135.09,131.5,131.94,606937.0,0.0,1.0,134.28,135.09,131.5,131.94,606937.0
2015-02-02,132.08,132.35,128.11,130.96,904060.0,0.0,1.0,132.08,132.35,128.11,130.96,904060.0
2015-02-03,131.14,134.03,130.54,133.85,569336.0,0.0,1.0,131.14,134.03,130.54,133.85,569336.0
2015-02-04,133.36,133.83,131.17,132.0,735412.0,0.0,1.0,133.36,133.83,131.17,132.0,735412.0
2015-02-05,132.31,133.6,131.72,133.03,587990.0,0.0,1.0,132.31,133.6,131.72,133.03,587990.0
2015-02-06,132.98,133.575,132.0,133.26,386529.0,0.0,1.0,132.98,133.575,132.0,133.26,386529.0
2015-02-09,133.13,135.055,132.76,134.97,513058.0,0.0,1.0,133.13,135.055,132.76,134.97,513058.0
2015-02-10,135.88,138.11,135.29,137.0,741115.0,0.0,1.0,135.88,138.11,135.29,137.0,741115.0
2015-02-11,136.69,137.98,135.24,135.9,548347.0,0.0,1.0,136.69,137.98,135.24,135.9,548347.0
2015-02-12,136.5,136.64,134.715,136.07,408638.0,0.0,1.0,136.5,136.64,134.715,136.07,408638.0
2015-02-13,135.94,136.67,134.6932,136.66,521457.0,0.0,1.0,135.94,136.67,134.6932,136.66,521457.0
2015-02-17,136.74,136.937,134.561,135.91,336755.0,0.0,1.0,136.74,136.937,134.561,135.91,336755.0
2015-02-18,135.38,136.74,134.59,136.615,275452.0,0.0,1.0,135.38,136.74,134.59,136.615,275452.0
2015-02-19,136.85,139.73,136.6,136.92,562727.0,0.0,1.0,136.85,139.73,136.6,136.92,562727.0
2015-02-20,137.12,138.13,135.71,138.0,286483.0,0.0,1.0,137.12,138.13,135.71,138.0,286483.0
2015-02-23,137.99,138.92,136.67,137.25,316317.0,0.0,1.0,137.99,138.92,136.67,137.25,316317.0
2015-02-24,137.67,138.41,136.11,138.39,523739.0,0.0,1.0,137.67,138.41,136.11,138.39,523739.0
2015-02-25,138.42,140.3099,137.14,138.76,463092.0,0.0,1.0,138.42,140.3099,137.14,138.76,463092.0
2015-02-26,138.52,141.0,138.47,140.59,539579.0,0.0,1.0,138.52,141.0,138.47,140.59,539579.0
2015-02-27,141.98,143.34,140.01,140.76,720566.0,0.0,1.0,141.98,143.34,140.01,140.76,720566.0
2015-03-02,141.97,143.69,141.0,143.62,507456.0,0.0,1.0,141.97,143.69,141.0,143.62,507456.0
2015-03-03,143.25,143.25,141.6001,142.03,662113.0,0.0,1.0,143.25,143.25,141.6001,142.03,662113.0
2015-03-04,141.55,142.01,139.44,139.91,659945.0,0.0,1.0,141.55,142.01,139.44,139.91,659945.0
2015-03-05,139.95,141.8,139.49,140.86,479278.0,0.0,1.0,139.95,141.8,139.49,140.86,479278.0
2015-03-06,140.56,141.165,138.27,138.59,640491.0,0.0,1.0,140.56,141.165,138.27,138.59,640491.0
2015-03-09,139.88,141.7,139.4201,140.96,1691611.0,0.0,1.0,139.88,141.7,139.4201,140.96,1691611.0
2015-03-10,140.27,142.09,139.03,140.47,1195724.0,0.0,1.0,140.27,142.09,139.03,140.47,1195724.0
2015-03-11,141.78,142.82,140.49,141.96,943396.0,0.0,1.0,141.78,142.82,140.49,141.96,943396.0
2015-03-12,143.93,145.9,142.28,144.82,2368331.0,0.0,1.0,143.93,145.9,142.28,144.82,2368331.0
2015-03-13,155.09,156.0,148.11,150.1,4533651.0,0.0,1.0,155.09,156.0,148.11,150.1,4533651.0
2015-03-16,150.0,151.0,148.44,150.18,1256773.0,0.0,1.0,150.0,151.0,148.44,150.18,1256773.0
2015-03-17,149.38,151.94,148.78,150.46,923363.0,0.0,1.0,149.38,151.94,148.78,150.46,923363.0
2015-03-18,150.73,151.59,149.13,150.99,840697.0,0.0,1.0,150.73,151.59,149.13,150.99,840697.0
2015-03-19,151.01,152.67,150.39,152.285,719469.0,0.0,1.0,151.01,152.67,150.39,152.285,719469.0
2015-03-20,152.68,152.75,151.1,152.02,856759.0,0.0,1.0,152.68,152.75,151.1,152.02,856759.0
2015-03-23,153.1,154.52,152.61,153.18,734897.0,0.0,1.0,153.1,154.52,152.61,153.18,734897.0
2015-03-24,153.24,154.5,152.8,153.77,536797.0,0.0,1.0,153.24,154.5,152.8,153.77,536797.0
2015-03-25,153.62,154.33,151.29,151.58,555998.0,0.0,1.0,153.62,154.33,151.29,151.58,555998.0
2015-03-26,150.35,151.28,148.36,150.005,621032.0,0.0,1.0,150.35,151.28,148.36,150.005,621032.0
2015-03-27,149.63,151.75,149.57,151.2,441823.0,0.0,1.0,149.63,151.75,149.57,151.2,441823.0
2015-03-30,152.84,153.02,151.0,151.58,553742.0,0.0,1.0,152.84,153.02,151.0,151.58,553742.0
2015-03-31,151.51,152.96,150.4,150.85,477108.0,0.0,1.0,151.51,152.96,150.4,150.85,477108.0
2015-04-01,150.89,151.376,148.4245,150.98,744999.0,0.0,1.0,150.89,151.376,148.4245,150.98,744999.0
2015-04-02,150.65,152.24,149.52,151.33,691621.0,0.0,1.0,150.65,152.24,149.52,151.33,691621.0
2015-04-06,150.87,153.8699,150.6769,153.27,696328.0,0.0,1.0,150.87,153.8699,150.6769,153.27,696328.0
2015-04-07,153.68,155.55,151.43,151.45,546785.0,0.0,1.0,153.68,155.55,151.43,151.45,546785.0
2015-04-08,152.1,153.23,151.715,152.17,458102.0,0.0,1.0,152.1,153.23,151.715,152.17,458102.0
2015-04-09,152.17,153.08,150.5,151.8,368743.0,0.0,1.0,152.17,153.08,150.5,151.8,368743.0
2015-04-10,151.9,152.68,151.37,151.68,304586.0,0.0,1.0,151.9,152.68,151.37,151.68,304586.0
2015-04-13,151.72,152.96,151.7147,152.0,540956.0,0.0,1.0,151.72,152.96,151.7147,152.0,540956.0
2015-04-14,152.7,154.2373,151.62,153.49,785849.0,0.0,1.0,152.7,154.2373,151.62,153.49,785849.0
2015-04-15,156.2,156.3,153.39,153.56,873609.0,0.0,1.0,156.2,156.3,153.39,153.56,873609.0
2015-04-16,153.51,154.62,153.51,154.16,435602.0,0.0,1.0,153.51,154.62,153.51,154.16,435602.0
2015-04-17,154.9,155.8327,151.75,152.05,688833.0,0.0,1.0,154.9,155.8327,151.75,152.05,688833.0
2015-04-20,152.5,153.37,150.79,151.59,600808.0,0.0,1.0,152.5,153.37,150.79,151.59,600808.0
2015-04-21,151.78,153.81,151.6394,152.97,524958.0,0.0,1.0,151.78,153.81,151.6394,152.97,524958.0
2015-04-22,152.82,153.98,150.5047,153.94,529970.0,0.0,1.0,152.82,153.98,150.5047,153.94,529970.0
2015-04-23,153.88,157.909,153.12,156.99,817720.0,0.0,1.0,153.88,157.909,153.12,156.99,817720.0
2015-04-24,157.93,158.97,156.71,157.08,745312.0,0.0,1.0,157.93,158.97,156.71,157.08,745312.0
2015-04-27,156.97,157.47,155.64,155.91,455569.0,0.0,1.0,156.97,157.47,155.64,155.91,455569.0
2015-04-28,155.5,156.96,154.25,154.47,759120.0,0.0,1.0,155.5,156.96,154.25,154.47,759120.0
2015-04-29,154.29,154.63,151.39,151.83,555996.0,0.0,1.0,154.29,154.63,151.39,151.83,555996.0
2015-04-30,151.22,153.61,150.299,151.09,641968.0,0.0,1.0,151.22,153.61,150.299,151.09,641968.0
2015-05-01,150.41,154.32,150.0,154.27,475829.0,0.0,1.0,150.41,154.32,150.0,154.27,475829.0
2015-05-04,154.52,154.95,153.03,153.85,506001.0,0.0,1.0,154.52,154.95,153.03,153.85,506001.0
2015-05-05,154.25,154.54,152.11,153.47,578786.0,0.0,1.0,154.25,154.54,152.11,153.47,578786.0
2015-05-06,153.33,153.845,151.17,152.04,626970.0,0.0,1.0,153.33,153.845,151.17,152.04,626970.0
2015-05-07,151.37,154.87,151.01,153.84,502983.0,0.0,1.0,151.37,154.87,151.01,153.84,502983.0
2015-05-08,155.0,156.224,154.18,154.29,487735.0,0.0,1.0,155.0,156.224,154.18,154.29,487735.0
2015-05-11,154.0,155.22,154.0,154.27,478676.0,0.0,1.0,154.0,155.22,154.0,154.27,478676.0
2015-05-12,153.26,154.38,152.12,153.19,374294.0,0.0,1.0,153.26,154.38,152.12,153.19,374294.0
2015-05-13,152.99,154.11,151.16,152.13,521840.0,0.0,1.0,152.99,154.11,151.16,152.13,521840.0
2015-05-14,152.69,152.69,149.53,149.83,1027602.0,0.0,1.0,152.69,152.69,149.53,149.83,1027602.0
2015-05-15,149.41,152.06,149.12,151.0,723068.0,0.0,1.0,149.41,152.06,149.12,151.0,723068.0
2015-05-18,150.4,152.11,149.85,151.51,567672.0,0.0,1.0,150.4,152.11,149.85,151.51,567672.0
2015-05-19,151.36,153.51,150.75,152.14,697245.0,0.0,1.0,151.36,153.51,150.75,152.14,697245.0
2015-05-20,151.68,152.09,149.53,150.83,615876.0,0.0,1.0,151.68,152.09,149.53,150.83,615876.0
2015-05-21,151.2,153.19,151.0525,152.25,451333.0,0.0,1.0,151.2,153.19,151.0525,152.25,451333.0
2015-05-22,152.07,152.9653,151.11,151.24,401731.0,0.0,1.0,152.07,152.9653,151.11,151.24,401731.0
2015-05-26,150.9,152.38,150.14,150.16,862042.0,0.0,1.0,150.9,152.38,150.14,150.16,862042.0
2015-05-27,151.88,155.48,151.72,154.78,1377544.0,0.0,1.0,151.88,155.48,151.72,154.78,1377544.0
2015-05-28,155.18,156.49,152.8,156.27,2504544.0,0.0,1.0,155.18,156.49,152.8,156.27,2504544.0
2015-05-29,159.27,159.85,152.25,152.62,3789548.0,0.0,1.0,159.27,159.85,152.25,152.62,3789548.0
2015-06-01,153.05,154.17,151.0,153.87,1206959.0,0.0,1.0,153.05,154.17,151.0,153.87,1206959.0
2015-06-02,154.3,156.15,154.0,154.35,973817.0,0.0,1.0,154.3,156.15,154.0,154.35,973817.0
2015-06-03,154.51,157.0,153.6732,156.26,905274.0,0.0,1.0,154.51,157.0,153.6732,156.26,905274.0
2015-06-04,154.72,157.5,154.26,155.9,816641.0,0.0,1.0,154.72,157.5,154.26,155.9,816641.0
2015-06-05,156.11,157.18,154.6,156.28,682601.0,0.0,1.0,156.11,157.18,154.6,156.28,682601.0
2015-06-08,156.46,156.51,153.54,153.69,723733.0,0.0,1.0,156.46,156.51,153.54,153.69,723733.0
2015-06-09,153.73,154.49,152.221,153.77,539354.0,0.0,1.0,153.73,154.49,152.221,153.77,539354.0
2015-06-10,154.49,155.69,153.845,154.98,571104.0,0.0,1.0,154.49,155.69,153.845,154.98,571104.0
2015-06-11,155.01,156.46,155.01,155.37,412569.0,0.0,1.0,155.01,156.46,155.01,155.37,412569.0
2015-06-12,154.71,156.29,154.28,155.32,341749.0,0.0,1.0,154.71,156.29,154.28,155.32,341749.0
2015-06-15,154.47,155.32,153.57,154.57,432996.0,0.0,1.0,154.47,155.32,153.57,154.57,432996.0
2015-06-16,154.45,156.1,154.1,155.5,386946.0,0.0,1.0,154.45,156.1,154.1,155.5,386946.0
2015-06-17,155.68,156.39,154.59,155.62,473928.0,0.0,1.0,155.68,156.39,154.59,155.62,473928.0
2015-06-18,156.0,158.75,155.62,156.48,877950.0,0.0,1.0,156.0,158.75,155.62,156.48,877950.0
2015-06-19,156.24,156.71,154.69,154.73,570554.0,0.0,1.0,156.24,156.71,154.69,154.73,570554.0
2015-06-22,155.79,156.4699,154.831,155.69,540640.0,0.0,1.0,155.79,156.4699,154.831,155.69,540640.0
2015-06-23,155.88,157.15,155.22,156.36,572820.0,0.0,1.0,155.88,157.15,155.22,156.36,572820.0
2015-06-24,156.44,157.13,154.86,155.59,443188.0,0.0,1.0,156.44,157.13,154.86,155.59,443188.0
2015-06-25,155.6,155.8,153.89,154.84,933559.0,0.0,1.0,155.6,155.8,153.89,154.84,933559.0
2015-06-26,155.4,158.1,155.01,157.98,1160708.0,0.0,1.0,155.4,158.1,155.01,157.98,1160708.0
2015-06-29,156.26,156.95,153.24,153.68,634703.0,0.0,1.0,156.26,156.95,153.24,153.68,634703.0
2015-06-30,154.69,154.94,152.78,154.45,618692.0,0.0,1.0,154.69,154.94,152.78,154.45,618692.0
2015-07-01,155.94,156.48,154.3,155.42,701264.0,0.0,1.0,155.94,156.48,154.3,155.42,701264.0
2015-07-02,155.23,156.26,154.28,156.23,801534.0,0.0,1.0,155.23,156.26,154.28,156.23,801534.0
2015-07-06,154.79,157.34,154.25,157.23,734355.0,0.0,1.0,154.79,157.34,154.25,157.23,734355.0
2015-07-07,157.18,159.72,156.07,159.42,984593.0,0.0,1.0,157.18,159.72,156.07,159.42,984593.0
2015-07-08,158.01,160.0,157.78,158.55,1218858.0,0.0,1.0,158.01,160.0,157.78,158.55,1218858.0
2015-07-09,160.0,162.59,159.78,159.91,1430552.0,0.0,1.0,160.0,162.59,159.78,159.91,1430552.0
2015-07-10,162.5,163.7,160.78,163.11,876603.0,0.0,1.0,162.5,163.7,160.78,163.11,876603.0
2015-07-13,164.45,167.13,164.02,166.95,983327.0,0.0,1.0,164.45,167.13,164.02,166.95,983327.0
2015-07-14,167.72,167.72,165.52,167.0,666236.0,0.0,1.0,167.72,167.72,165.52,167.0,666236.0
2015-07-15,167.52,168.33,166.11,168.25,731499.0,0.0,1.0,167.52,168.33,166.11,168.25,731499.0
2015-07-16,169.0,169.31,166.2316,167.32,1213252.0,0.0,1.0,169.0,169.31,166.2316,167.32,1213252.0
2015-07-17,167.92,168.4799,166.6,166.91,566666.0,0.0,1.0,167.92,168.4799,166.6,166.91,566666.0
2015-07-20,167.85,168.53,167.435,167.94,448025.0,0.0,1.0,167.85,168.53,167.435,167.94,448025.0
2015-07-21,167.97,168.65,166.25,166.79,511276.0,0.0,1.0,167.97,168.65,166.25,166.79,511276.0
2015-07-22,166.44,170.75,166.37,170.52,598526.0,0.0,1.0,166.44,170.75,166.37,170.52,598526.0
2015-07-23,170.43,171.21,168.91,169.22,601527.0,0.0,1.0,170.43,171.21,168.91,169.22,601527.0
2015-07-24,169.35,170.3599,168.83,169.54,501115.0,0.0,1.0,169.35,170.3599,168.83,169.54,501115.0
2015-07-27,168.45,168.87,165.67,166.39,730161.0,0.0,1.0,168.45,168.87,165.67,166.39,730161.0
2015-07-28,167.05,167.86,164.54,166.01,651994.0,0.0,1.0,167.05,167.86,164.54,166.01,651994.0
2015-07-29,166.25,167.2765,165.26,166.49,570348.0,0.0,1.0,166.25,167.2765,165.26,166.49,570348.0
2015-07-30,166.3,167.0,165.01,166.82,447370.0,0.0,1.0,166.3,167.0,165.01,166.82,447370.0
2015-07-31,167.0,167.86,165.63,166.03,543184.0,0.0,1.0,167.0,167.86,165.63,166.03,543184.0
2015-08-03,167.23,167.99,163.255,165.27,674931.0,0.0,1.0,167.23,167.99,163.255,165.27,674931.0
2015-08-04,164.83,166.92,163.9801,165.07,441463.0,0.0,1.0,164.83,166.92,163.9801,165.07,441463.0
2015-08-05,166.52,167.77,165.54,167.01,501615.0,0.0,1.0,166.52,167.77,165.54,167.01,501615.0
2015-08-06,167.27,167.96,163.4,164.8,629629.0,0.0,1.0,167.27,167.96,163.4,164.8,629629.0
2015-08-07,164.7,165.97,163.39,165.61,621748.0,0.0,1.0,164.7,165.97,163.39,165.61,621748.0
2015-08-10,167.66,169.13,167.07,168.36,573365.0,0.0,1.0,167.66,169.13,167.07,168.36,573365.0
2015-08-11,166.96,168.51,166.0,168.51,559665.0,0.0,1.0,166.96,168.51,166.0,168.51,559665.0
2015-08-12,166.6,167.5748,164.09,166.94,675491.0,0.0,1.0,166.6,167.5748,164.09,166.94,675491.0
2015-08-13,167.24,170.94,167.13,169.28,572242.0,0.0,1.0,167.24,170.94,167.13,169.28,572242.0
2015-08-14,168.73,171.1,168.55,171.04,479394.0,0.0,1.0,168.73,171.1,168.55,171.04,479394.0
2015-08-17,171.12,171.61,168.77,171.39,545722.0,0.0,1.0,171.12,171.61,168.77,171.39,545722.0
2015-08-18,170.76,176.77,170.76,173.32,1023772.0,0.0,1.0,170.76,176.77,170.76,173.32,1023772.0
2015-08-19,173.65,173.933,172.001,172.62,739678.0,0.0,1.0,173.65,173.933,172.001,172.62,739678.0
2015-08-20,171.67,172.91,168.75,171.3,840958.0,0.0,1.0,171.67,172.91,168.75,171.3,840958.0
2015-08-21,167.77,168.46,162.17,162.57,1809948.0,0.0,1.0,167.77,168.46,162.17,162.57,1809948.0
2015-08-24,143.0,163.6,120.38,158.72,2739964.0,0.0,1.0,143.0,163.6,120.38,158.72,2739964.0
2015-08-25,164.11,164.4299,152.52,153.26,1752877.0,0.0,1.0,164.11,164.4299,152.52,153.26,1752877.0
2015-08-26,154.3,158.87,154.04,158.05,1791632.0,0.0,1.0,154.3,158.87,154.04,158.05,1791632.0
2015-08-27,160.87,162.99,159.31,160.24,2454738.0,0.0,1.0,160.87,162.99,159.31,160.24,2454738.0
2015-08-28,164.78,169.29,158.13,159.0,2919641.0,0.0,1.0,164.78,169.29,158.13,159.0,2919641.0
2015-08-31,157.28,160.66,157.23,158.09,1115182.0,0.0,1.0,157.28,160.66,157.23,158.09,1115182.0
2015-09-01,155.35,156.98,153.02,153.76,1284517.0,0.0,1.0,155.35,156.98,153.02,153.76,1284517.0
2015-09-02,155.55,158.89,153.835,158.51,1041399.0,0.0,1.0,155.55,158.89,153.835,158.51,1041399.0
2015-09-03,158.6,160.87,158.26,158.93,948851.0,0.0,1.0,158.6,160.87,158.26,158.93,948851.0
2015-09-04,157.22,158.99,156.04,157.7,601154.0,0.0,1.0,157.22,158.99,156.04,157.7,601154.0
2015-09-08,160.72,164.68,158.02,164.61,1156352.0,0.0,1.0,160.72,164.68,158.02,164.61,1156352.0
2015-09-09,169.0,169.14,163.32,163.4,1416643.0,0.0,1.0,169.0,169.14,163.32,163.4,1416643.0
2015-09-10,162.0,165.29,161.4,164.83,1369683.0,0.0,1.0,162.0,165.29,161.4,164.83,1369683.0
2015-09-11,164.81,165.55,162.68,165.06,632071.0,0.0,1.0,164.81,165.55,162.68,165.06,632071.0
2015-09-14,164.77,165.72,162.03,163.0,658895.0,0.0,1.0,164.77,165.72,162.03,163.0,658895.0
2015-09-15,163.09,165.13,160.77,164.06,767450.0,0.0,1.0,163.09,165.13,160.77,164.06,767450.0
2015-09-16,164.53,164.92,162.94,164.72,501663.0,0.0,1.0,164.53,164.92,162.94,164.72,501663.0
2015-09-17,164.49,169.25,163.92,168.14,1040525.0,0.0,1.0,164.49,169.25,163.92,168.14,1040525.0
2015-09-18,167.98,170.0,166.91,167.23,1583922.0,0.0,1.0,167.98,170.0,166.91,167.23,1583922.0
2015-09-21,168.46,170.02,167.53,168.69,789681.0,0.0,1.0,168.46,170.02,167.53,168.69,789681.0
2015-09-22,166.42,167.66,164.421,165.78,593616.0,0.0,1.0,166.42,167.66,164.421,165.78,593616.0
2015-09-23,165.56,168.26,165.55,168.1,557618.0,0.0,1.0,165.56,168.26,165.55,168.1,557618.0
2015-09-24,167.08,168.69,165.79,168.01,541858.0,0.0,1.0,167.08,168.69,165.79,168.01,541858.0
2015-09-25,169.39,170.2149,168.0,169.15,769334.0,0.0,1.0,169.39,170.2149,168.0,169.15,769334.0
2015-09-28,168.02,168.35,163.42,164.36,945847.0,0.0,1.0,168.02,168.35,163.42,164.36,945847.0
2015-09-29,163.9,164.455,160.59,161.71,820117.0,0.0,1.0,163.9,164.455,160.59,161.71,820117.0
2015-09-30,163.95,165.93,162.354,163.35,712289.0,0.0,1.0,163.95,165.93,162.354,163.35,712289.0
2015-10-01,164.26,165.59,162.78,165.59,828696.0,0.0,1.0,164.26,165.59,162.78,165.59,828696.0
2015-10-02,163.91,165.79,161.005,165.76,930511.0,0.0,1.0,163.91,165.79,161.005,165.76,930511.0
2015-10-05,166.83,168.27,165.33,168.04,1005999.0,0.0,1.0,166.83,168.27,165.33,168.04,1005999.0
2015-10-06,167.96,167.96,165.34,165.91,716201.0,0.0,1.0,167.96,167.96,165.34,165.91,716201.0
2015-10-07,165.95,167.74,164.16,165.05,959026.0,0.0,1.0,165.95,167.74,164.16,165.05,959026.0
2015-10-08,164.63,165.78,162.4223,163.94,601872.0,0.0,1.0,164.63,165.78,162.4223,163.94,601872.0
2015-10-09,163.81,166.2,162.56,165.8,489995.0,0.0,1.0,163.81,166.2,162.56,165.8,489995.0
2015-10-12,166.73,167.12,164.977,166.07,557215.0,0.0,1.0,166.73,167.12,164.977,166.07,557215.0
2015-10-13,165.54,167.33,163.33,163.85,448155.0,0.0,1.0,165.54,167.33,163.33,163.85,448155.0
2015-10-14,163.6,164.09,158.431,159.26,622960.0,0.0,1.0,163.6,164.09,158.431,159.26,622960.0
2015-10-15,160.3,161.21,158.04,161.06,703219.0,0.0,1.0,160.3,161.21,158.04,161.06,703219.0
2015-10-16,161.32,167.38,161.1501,166.11,737145.0,0.0,1.0,161.32,167.38,161.1501,166.11,737145.0
2015-10-19,166.08,168.63,164.5,168.36,689904.0,0.0,1.0,166.08,168.63,164.5,168.36,689904.0
2015-10-20,169.0,170.13,168.03,169.21,613156.0,0.0,1.0,169.0,170.13,168.03,169.21,613156.0
2015-10-21,169.69,170.13,167.62,168.22,439050.0,0.0,1.0,169.69,170.13,167.62,168.22,439050.0
2015-10-22,168.99,170.25,167.71,168.02,439557.0,0.0,1.0,168.99,170.25,167.71,168.02,439557.0
2015-10-23,169.92,169.92,163.74,165.91,560067.0,0.0,1.0,169.92,169.92,163.74,165.91,560067.0
2015-10-26,166.01,170.0,165.955,169.2,724041.0,0.0,1.0,166.01,170.0,165.955,169.2,724041.0
2015-10-27,169.73,169.918,167.41,169.09,398292.0,0.0,1.0,169.73,169.918,167.41,169.09,398292.0
2015-10-28,169.32,173.99,168.0101,172.96,785188.0,0.0,1.0,169.32,173.99,168.0101,172.96,785188.0
2015-10-29,172.07,173.5,171.12,173.3,469656.0,0.0,1.0,172.07,173.5,171.12,173.3,469656.0
2015-10-30,173.36,175.719,172.74,173.96,713027.0,0.0,1.0,173.36,175.719,172.74,173.96,713027.0
2015-11-02,174.88,175.78,171.17,172.76,611205.0,0.0,1.0,174.88,175.78,171.17,172.76,611205.0
2015-11-03,171.92,174.95,171.902,172.95,644973.0,0.0,1.0,171.92,174.95,171.902,172.95,644973.0
2015-11-04,173.32,173.525,169.39,170.12,508288.0,0.0,1.0,173.32,173.525,169.39,170.12,508288.0
2015-11-05,170.58,173.18,169.5001,172.53,440145.0,0.0,1.0,170.58,173.18,169.5001,172.53,440145.0
2015-11-06,172.04,173.21,170.34,172.64,343061.0,0.0,1.0,172.04,173.21,170.34,172.64,343061.0
2015-11-09,172.27,172.27,169.602,171.56,409423.0,0.0,1.0,172.27,172.27,169.602,171.56,409423.0
2015-11-10,170.98,174.1,170.78,174.08,370605.0,0.0,1.0,170.98,174.1,170.78,174.08,370605.0
2015-11-11,174.28,174.67,170.51,170.69,573189.0,0.0,1.0,174.28,174.67,170.51,170.69,573189.0
2015-11-12,170.23,171.485,169.24,169.36,624658.0,0.0,1.0,170.23,171.485,169.24,169.36,624658.0
2015-11-13,167.89,168.0,151.52,155.2,3011511.0,0.0,1.0,167.89,168.0,151.52,155.2,3011511.0
2015-11-16,154.34,160.42,154.2,159.48,1664495.0,0.0,1.0,154.34,160.42,154.2,159.48,1664495.0
2015-11-17,160.59,163.58,160.01,162.7,789856.0,0.0,1.0,160.59,163.58,160.01,162.7,789856.0
2015-11-18,163.74,165.27,160.6201,164.99,547883.0,0.0,1.0,163.74,165.27,160.6201,164.99,547883.0
2015-11-19,165.24,165.75,163.25,164.5,536731.0,0.0,1.0,165.24,165.75,163.25,164.5,536731.0
2015-11-20,165.0,170.54,164.462,170.51,788092.0,0.0,1.0,165.0,170.54,164.462,170.51,788092.0
2015-11-23,170.77,173.0,169.575,170.84,727061.0,0.0,1.0,170.77,173.0,169.575,170.84,727061.0
2015-11-24,169.78,172.19,169.37,170.83,646508.0,0.0,1.0,169.78,172.19,169.37,170.83,646508.0
2015-11-25,170.01,171.01,169.17,170.11,710692.0,0.0,1.0,170.01,171.01,169.17,170.11,710692.0
2015-11-27,170.59,171.84,169.88,170.98,353395.0,0.0,1.0,170.59,171.84,169.88,170.98,353395.0
2015-11-30,173.01,174.49,165.84,167.0,1823511.0,0.0,1.0,173.01,174.49,165.84,167.0,1823511.0
2015-12-01,167.82,168.95,163.78,165.83,1111290.0,0.0,1.0,167.82,168.95,163.78,165.83,1111290.0
2015-12-02,165.83,166.2,162.583,163.52,1224473.0,0.0,1.0,165.83,166.2,162.583,163.52,1224473.0
2015-12-03,164.41,165.36,161.0,163.19,2097385.0,0.0,1.0,164.41,165.36,161.0,163.19,2097385.0
2015-12-04,174.5,185.73,173.87,184.08,5251611.0,0.0,1.0,174.5,185.73,173.87,184.08,5251611.0
2015-12-07,184.64,186.27,183.2178,184.24,1615776.0,0.0,1.0,184.64,186.27,183.2178,184.24,1615776.0
2015-12-08,182.25,185.49,181.95,185.08,875984.0,0.0,1.0,182.25,185.49,181.95,185.08,875984.0
2015-12-09,184.56,186.65,183.67,184.06,785753.0,0.0,1.0,184.56,186.65,183.67,184.06,785753.0
2015-12-10,183.61,185.81,182.93,183.11,843438.0,0.0,1.0,183.61,185.81,182.93,183.11,843438.0
2015-12-11,179.69,183.79,179.01,182.47,709387.0,0.0,1.0,179.69,183.79,179.01,182.47,709387.0
2015-12-14,183.05,187.215,183.05,185.54,1078620.0,0.0,1.0,183.05,187.215,183.05,185.54,1078620.0
2015-12-15,186.18,187.4699,184.46,185.42,853862.0,0.0,1.0,186.18,187.4699,184.46,185.42,853862.0
2015-12-16,185.43,188.0,185.43,187.27,793336.0,0.0,1.0,185.43,188.0,185.43,187.27,793336.0
2015-12-17,188.0,188.48,184.7601,185.43,778326.0,0.0,1.0,188.0,188.48,184.7601,185.43,778326.0
2015-12-18,184.95,185.67,184.03,184.94,2640749.0,0.0,1.0,184.95,185.67,184.03,184.94,2640749.0
2015-12-21,186.46,187.295,184.82,186.49,804107.0,0.0,1.0,186.46,187.295,184.82,186.49,804107.0
2015-12-22,187.06,187.19,184.94,186.12,574288.0,0.0,1.0,187.06,187.19,184.94,186.12,574288.0
2015-12-23,186.84,186.84,184.78,186.27,391073.0,0.0,1.0,186.84,186.84,184.78,186.27,391073.0
2015-12-24,185.93,186.7,184.53,184.93,253117.0,0.0,1.0,185.93,186.7,184.53,184.93,253117.0
2015-12-28,184.73,186.32,183.94,184.77,510566.0,0.0,1.0,184.73,186.32,183.94,184.77,510566.0
2015-12-29,186.29,187.69,185.02,185.31,458074.0,0.0,1.0,186.29,187.69,185.02,185.31,458074.0
2015-12-30,185.61,186.25,184.7,185.61,357854.0,0.0,1.0,185.61,186.25,184.7,185.61,357854.0
2015-12-31,184.61,185.99,183.83,185.0,633765.0,0.0,1.0,184.61,185.99,183.83,185.0,633765.0
2016-01-04,182.67,184.6,180.455,181.81,1196625.0,0.0,1.0,182.67,184.6,180.455,181.81,1196625.0
2016-01-05,182.57,183.88,180.73,182.67,567952.0,0.0,1.0,182.57,183.88,180.73,182.67,567952.0
2016-01-06,180.39,183.27,179.13,183.21,870706.0,0.0,1.0,180.39,183.27,179.13,183.21,870706.0
2016-01-07,179.8,186.49,179.8,182.98,1034469.0,0.0,1.0,179.8,186.49,179.8,182.98,1034469.0
2016-01-08,184.8,184.8,181.65,182.17,847551.0,0.0,1.0,184.8,184.8,181.65,182.17,847551.0
2016-01-11,182.64,183.93,179.86,182.0,560657.0,0.0,1.0,182.64,183.93,179.86,182.0,560657.0
2016-01-12,182.81,185.98,182.75,185.62,675419.0,0.0,1.0,182.81,185.98,182.75,185.62,675419.0
2016-01-13,186.0,186.0,178.5,179.09,877918.0,0.0,1.0,186.0,186.0,178.5,179.09,877918.0
2016-01-14,179.09,180.37,173.86,177.88,1606655.0,0.0,1.0,179.09,180.37,173.86,177.88,1606655.0
2016-01-15,173.2,174.49,168.4,170.45,1658360.0,0.0,1.0,173.2,174.49,168.4,170.45,1658360.0
2016-01-19,171.98,177.95,170.39,175.31,1041246.0,0.0,1.0,171.98,177.95,170.39,175.31,1041246.0
2016-01-20,173.3,175.96,168.53,174.26,1557148.0,0.0,1.0,173.3,175.96,168.53,174.26,1557148.0
2016-01-21,174.5,180.58,173.1,176.5,1213337.0,0.0,1.0,174.5,180.58,173.1,176.5,1213337.0
2016-01-22,177.95,180.16,175.55,179.73,1041381.0,0.0,1.0,177.95,180.16,175.55,179.73,1041381.0
2016-01-25,178.5,179.785,175.25,175.66,873665.0,0.0,1.0,178.5,179.785,175.25,175.66,873665.0
2016-01-26,176.58,179.95,175.67,179.13,815474.0,0.0,1.0,176.58,179.95,175.67,179.13,815474.0
2016-01-27,178.83,179.56,172.9,173.93,812806.0,0.0,1.0,178.83,179.56,172.9,173.93,812806.0
2016-01-28,175.83,175.84,171.29,174.34,763730.0,0.0,1.0,175.83,175.84,171.29,174.34,763730.0
2016-01-29,175.34,181.3,174.88,181.17,1054480.0,0.0,1.0,175.34,181.3,174.88,181.17,1054480.0
2016-02-01,179.92,182.01,177.76,180.57,748074.0,0.0,1.0,179.92,182.01,177.76,180.57,748074.0
2016-02-02,179.74,180.7219,176.46,177.03,650474.0,0.0,1.0,179.74,180.7219,176.46,177.03,650474.0
2016-02-03,180.5,181.425,171.25,173.46,1069201.0,0.0,1.0,180.5,181.425,171.25,173.46,1069201.0
2016-02-04,173.55,173.55,167.5,168.88,1295530.0,0.0,1.0,173.55,173.55,167.5,168.88,1295530.0
2016-02-05,168.75,169.4817,155.811,159.71,2367486.0,0.0,1.0,168.75,169.4817,155.811,159.71,2367486.0
2016-02-08,156.76,156.8459,152.75,155.34,1885527.0,0.0,1.0,156.76,156.8459,152.75,155.34,1885527.0
2016-02-09,152.0,155.91,148.6,151.98,1785503.0,0.0,1.0,152.0,155.91,148.6,151.98,1785503.0
2016-02-10,152.79,156.12,151.8301,153.84,1439537.0,0.0,1.0,152.79,156.12,151.8301,153.84,1439537.0
2016-02-11,152.54,154.66,150.1,153.31,1200733.0,0.0,1.0,152.54,154.66,150.1,153.31,1200733.0
2016-02-12,156.24,158.64,154.285,158.49,1066781.0,0.0,1.0,156.24,158.64,154.285,158.49,1066781.0
2016-02-16,160.61,161.89,157.6,159.02,971400.0,0.0,1.0,160.61,161.89,157.6,159.02,971400.0
2016-02-17,160.51,162.89,158.16,158.92,1443793.0,0.0,1.0,160.51,162.89,158.16,158.92,1443793.0
2016-02-18,155.33,155.95,147.25,154.55,3673523.0,0.0,1.0,155.33,155.95,147.25,154.55,3673523.0
2016-02-19,153.16,153.385,146.77,150.07,2825554.0,0.0,1.0,153.16,153.385,146.77,150.07,2825554.0
2016-02-22,151.0,156.87,150.43,156.27,1571990.0,0.0,1.0,151.0,156.87,150.43,156.27,1571990.0
2016-02-23,156.63,161.46,156.3,159.17,1924192.0,0.0,1.0,156.63,161.46,156.3,159.17,1924192.0
2016-02-24,156.52,161.23,156.0,160.75,1247979.0,0.0,1.0,156.52,161.23,156.0,160.75,1247979.0
2016-02-25,161.52,164.27,160.875,164.25,1408134.0,0.0,1.0,161.52,164.27,160.875,164.25,1408134.0
2016-02-26,165.57,166.97,162.54,164.75,1205134.0,0.0,1.0,165.57,166.97,162.54,164.75,1205134.0
2016-02-29,165.0,168.5,164.0,165.19,1183070.0,0.0,1.0,165.0,168.5,164.0,165.19,1183070.0
2016-03-01,165.86,168.65,164.2,168.41,1053590.0,0.0,1.0,165.86,168.65,164.2,168.41,1053590.0
2016-03-02,168.21,168.86,165.71,168.32,776315.0,0.0,1.0,168.21,168.86,165.71,168.32,776315.0
2016-03-03,167.41,171.1906,166.0,169.38,1124432.0,0.0,1.0,167.41,171.1906,166.0,169.38,1124432.0
2016-03-04,169.96,170.05,167.58,168.97,628748.0,0.0,1.0,169.96,170.05,167.58,168.97,628748.0
2016-03-07,168.57,168.89,163.05,164.64,1238029.0,0.0,1.0,168.57,168.89,163.05,164.64,1238029.0
2016-03-08,164.34,165.48,162.47,162.96,1571546.0,0.0,1.0,164.34,165.48,162.47,162.96,1571546.0
2016-03-09,164.7,165.97,158.21,159.01,2445401.0,0.0,1.0,164.7,165.97,158.21,159.01,2445401.0
2016-03-10,159.56,164.32,158.5,163.39,3753301.0,0.0,1.0,159.56,164.32,158.5,163.39,3753301.0
2016-03-11,186.6,192.06,184.1,191.62,6130719.0,0.0,1.0,186.6,192.06,184.1,191.62,6130719.0
2016-03-14,189.52,191.91,188.84,190.02,1700095.0,0.0,1.0,189.52,191.91,188.84,190.02,1700095.0
2016-03-15,189.02,191.01,187.65,187.87,1185158.0,0.0,1.0,189.02,191.01,187.65,187.87,1185158.0
2016-03-16,187.1,191.0,186.6,190.02,936721.0,0.0,1.0,187.1,191.0,186.6,190.02,936721.0
2016-03-17,189.44,190.68,187.46,188.01,1029297.0,0.0,1.0,189.44,190.68,187.46,188.01,1029297.0
2016-03-18,188.32,192.38,187.9,191.39,1096111.0,0.0,1.0,188.32,192.38,187.9,191.39,1096111.0
2016-03-21,190.88,193.78,190.21,192.35,1037799.0,0.0,1.0,190.88,193.78,190.21,192.35,1037799.0
2016-03-22,190.44,192.5,189.46,191.65,881850.0,0.0,1.0,190.44,192.5,189.46,191.65,881850.0
2016-03-23,191.22,193.07,190.77,191.57,527300.0,0.0,1.0,191.22,193.07,190.77,191.57,527300.0
2016-03-24,191.4,192.7083,190.6168,191.76,621177.0,0.0,1.0,191.4,192.7083,190.6168,191.76,621177.0
2016-03-28,191.84,193.6,190.74,191.91,475792.0,0.0,1.0,191.84,193.6,190.74,191.91,475792.0
2016-03-29,192.55,193.93,191.53,193.37,541910.0,0.0,1.0,192.55,193.93,191.53,193.37,541910.0
2016-03-30,194.87,195.0,192.33,194.11,613695.0,0.0,1.0,194.87,195.0,192.33,194.11,613695.0
2016-03-31,193.87,194.9399,192.62,193.74,737320.0,0.0,1.0,193.87,194.9399,192.62,193.74,737320.0
2016-04-01,192.62,195.6056,192.0979,194.18,507177.0,0.0,1.0,192.62,195.6056,192.0979,194.18,507177.0
2016-04-04,194.68,194.84,191.37,193.12,583739.0,0.0,1.0,194.68,194.84,191.37,193.12,583739.0
2016-04-05,192.27,195.02,192.01,193.75,765272.0,0.0,1.0,192.27,195.02,192.01,193.75,765272.0
2016-04-06,193.91,196.6,193.42,194.67,657665.0,0.0,1.0,193.91,196.6,193.42,194.67,657665.0
2016-04-07,194.12,195.04,191.85,194.12,866982.0,0.0,1.0,194.12,195.04,191.85,194.12,866982.0
2016-04-08,201.94,203.75,197.81,200.51,3611916.0,0.0,1.0,201.94,203.75,197.81,200.51,3611916.0
2016-04-11,201.51,204.62,200.63,202.1,1598833.0,0.0,1.0,201.51,204.62,200.63,202.1,1598833.0
2016-04-12,203.5,205.11,201.6375,203.94,1190993.0,0.0,1.0,203.5,205.11,201.6375,203.94,1190993.0
2016-04-13,205.44,207.75,205.025,207.42,1116392.0,0.0,1.0,205.44,207.75,205.025,207.42,1116392.0
2016-04-14,207.72,207.72,204.66,205.67,1365074.0,0.0,1.0,207.72,207.72,204.66,205.67,1365074.0
2016-04-15,206.34,206.34,202.31,204.06,11411000.0,0.0,1.0,206.34,206.34,202.31,204.06,11411000.0
2016-04-18,203.93,207.05,203.24,206.91,1112765.0,0.0,1.0,203.93,207.05,203.24,206.91,1112765.0
2016-04-19,206.2,206.57,203.09,204.04,1162031.0,0.0,1.0,206.2,206.57,203.09,204.04,1162031.0
2016-04-20,203.98,205.12,202.91,204.42,883403.0,0.0,1.0,203.98,205.12,202.91,204.42,883403.0
2016-04-21,204.62,207.67,204.39,205.86,855314.0,0.0,1.0,204.62,207.67,204.39,205.86,855314.0
2016-04-22,205.42,206.48,202.685,205.39,995261.0,0.0,1.0,205.42,206.48,202.685,205.39,995261.0
2016-04-25,205.08,207.83,203.95,207.37,959953.0,0.0,1.0,205.08,207.83,203.95,207.37,959953.0
2016-04-26,207.04,208.22,205.36,208.13,1126817.0,0.0,1.0,207.04,208.22,205.36,208.13,1126817.0
2016-04-27,207.32,212.92,207.32,212.52,1388255.0,0.0,1.0,207.32,212.92,207.32,212.52,1388255.0
2016-04-28,211.51,211.97,206.58,206.99,891509.0,0.0,1.0,211.51,211.97,206.58,206.99,891509.0
2016-04-29,206.46,208.54,205.25,208.28,826387.0,0.0,1.0,206.46,208.54,205.25,208.28,826387.0
2016-05-02,208.29,210.77,207.54,210.72,667043.0,0.0,1.0,208.29,210.77,207.54,210.72,667043.0
2016-05-03,208.4,210.335,206.74,209.91,901037.0,0.0,1.0,208.4,210.335,206.74,209.91,901037.0
2016-05-04,209.05,211.01,208.705,209.97,543602.0,0.0,1.0,209.05,211.01,208.705,209.97,543602.0
2016-05-05,209.78,209.78,204.46,206.21,844002.0,0.0,1.0,209.78,209.78,204.46,206.21,844002.0
2016-05-06,205.2,208.93,204.05,208.68,774132.0,0.0,1.0,205.2,208.93,204.05,208.68,774132.0
2016-05-09,205.65,210.25,204.599,208.46,800551.0,0.0,1.0,205.65,210.25,204.599,208.46,800551.0
2016-05-10,209.25,209.25,205.79,208.27,854348.0,0.0,1.0,209.25,209.25,205.79,208.27,854348.0
2016-05-11,207.01,207.7,202.28,202.85,951983.0,0.0,1.0,207.01,207.7,202.28,202.85,951983.0
2016-05-12,203.7,208.4096,203.0,207.43,761781.0,0.0,1.0,203.7,208.4096,203.0,207.43,761781.0
2016-05-13,207.03,207.54,203.29,205.2,633440.0,0.0,1.0,207.03,207.54,203.29,205.2,633440.0
2016-05-16,204.85,209.09,204.39,208.13,482645.0,0.0,1.0,204.85,209.09,204.39,208.13,482645.0
2016-05-17,207.21,208.24,203.28,204.44,875452.0,0.0,1.0,207.21,208.24,203.28,204.44,875452.0
2016-05-18,204.45,208.305,203.18,206.45,1032977.0,0.0,1.0,204.45,208.305,203.18,206.45,1032977.0
2016-05-19,205.0,208.63,205.0,207.89,523352.0,0.0,1.0,205.0,208.63,205.0,207.89,523352.0
2016-05-20,208.73,208.95,206.06,208.47,968999.0,0.0,1.0,208.73,208.95,206.06,208.47,968999.0
2016-05-23,208.97,209.98,205.95,206.02,964258.0,0.0,1.0,208.97,209.98,205.95,206.02,964258.0
2016-05-24,208.48,209.72,206.42,206.59,1391397.0,0.0,1.0,208.48,209.72,206.42,206.59,1391397.0
2016-05-25,206.61,212.26,206.61,211.48,1238574.0,0.0,1.0,206.61,212.26,206.61,211.48,1238574.0
2016-05-26,214.0,214.44,211.5501,213.69,1885862.0,0.0,1.0,214.0,214.44,211.5501,213.69,1885862.0
2016-05-27,230.75,237.53,228.53,233.15,3584534.0,0.0,1.0,230.75,237.53,228.53,233.15,3584534.0
2016-05-31,233.48,234.148,231.36,233.01,2141883.0,0.0,1.0,233.48,234.148,231.36,233.01,2141883.0
2016-06-01,233.29,236.855,232.6,236.68,871507.0,0.0,1.0,233.29,236.855,232.6,236.68,871507.0
2016-06-02,236.24,238.76,234.81,237.06,781182.0,0.0,1.0,236.24,238.76,234.81,237.06,781182.0
2016-06-03,236.8,237.32,234.18,236.57,778378.0,0.0,1.0,236.8,237.32,234.18,236.57,778378.0
2016-06-06,238.66,238.75,234.63,236.74,490345.0,0.0,1.0,238.66,238.75,234.63,236.74,490345.0
2016-06-07,236.79,239.95,236.5,239.18,716451.0,0.0,1.0,236.79,239.95,236.5,239.18,716451.0
2016-06-08,240.0,240.69,238.46,239.36,409223.0,0.0,1.0,240.0,240.69,238.46,239.36,409223.0
2016-06-09,237.73,240.51,237.73,240.01,550430.0,0.0,1.0,237.73,240.51,237.73,240.01,550430.0
2016-06-10,237.82,240.24,237.8,239.98,526280.0,0.0,1.0,237.82,240.24,237.8,239.98,526280.0
2016-06-13,237.21,240.83,237.21,237.95,578477.0,0.0,1.0,237.21,240.83,237.21,237.95,578477.0
2016-06-14,237.92,239.319,235.5986,237.88,559478.0,0.0,1.0,237.92,239.319,235.5986,237.88,559478.0
2016-06-15,237.89,240.33,237.65,238.23,577665.0,0.0,1.0,237.89,240.33,237.65,238.23,577665.0
2016-06-16,237.08,240.41,236.63,239.82,562632.0,0.0,1.0,237.08,240.41,236.63,239.82,562632.0
2016-06-17,239.7,239.98,237.89,238.04,853878.0,0.0,1.0,239.7,239.98,237.89,238.04,853878.0
2016-06-20,240.75,241.88,239.18,240.2,647220.0,0.0,1.0,240.75,241.88,239.18,240.2,647220.0
2016-06-21,240.9,241.43,239.7,240.47,485120.0,0.0,1.0,240.9,241.43,239.7,240.47,485120.0
2016-06-22,241.08,241.1199,238.11,238.23,623192.0,0.0,1.0,241.08,241.1199,238.11,238.23,623192.0
2016-06-23,240.05,242.23,238.34,242.08,601680.0,0.0,1.0,240.05,242.23,238.34,242.08,601680.0
2016-06-24,236.14,242.91,236.01,239.16,1463572.0,0.0,1.0,236.14,242.91,236.01,239.16,1463572.0
2016-06-27,236.78,238.555,232.57,235.04,826386.0,0.0,1.0,236.78,238.555,232.57,235.04,826386.0
2016-06-28,237.08,237.5,234.62,236.21,793855.0,0.0,1.0,237.08,237.5,234.62,236.21,793855.0
2016-06-29,238.5,241.825,237.8401,240.66,749779.0,0.0,1.0,238.5,241.825,237.8401,240.66,749779.0
2016-06-30,242.0,244.0,240.18,243.64,615012.0,0.0,1.0,242.0,244.0,240.18,243.64,615012.0
2016-07-01,242.87,245.38,241.02,243.74,561207.0,0.0,1.0,242.87,245.38,241.02,243.74,561207.0
2016-07-05,243.44,245.3,242.4,244.72,604098.0,0.0,1.0,243.44,245.3,242.4,244.72,604098.0
2016-07-06,244.57,248.42,244.3101,247.77,758495.0,0.0,1.0,244.57,248.42,244.3101,247.77,758495.0
2016-07-07,247.67,248.68,245.06,247.29,514576.0,0.0,1.0,247.67,248.68,245.06,247.29,514576.0
2016-07-08,248.52,253.11,247.51,250.82,742598.0,0.0,1.0,248.52,253.11,247.51,250.82,742598.0
2016-07-11,252.0,253.2,250.65,252.29,504071.0,0.0,1.0,252.0,253.2,250.65,252.29,504071.0
2016-07-12,253.88,254.655,251.3,253.25,553940.0,0.0,1.0,253.88,254.655,251.3,253.25,553940.0
2016-07-13,252.99,253.765,250.05,250.13,471736.0,0.0,1.0,252.99,253.765,250.05,250.13,471736.0
2016-07-14,251.95,255.3,251.3,255.11,786061.0,0.0,1.0,251.95,255.3,251.3,255.11,786061.0
2016-07-15,256.83,256.88,255.255,255.81,666549.0,0.0,1.0,256.83,256.88,255.255,255.81,666549.0
2016-07-18,256.02,256.84,255.1,256.09,544993.0,0.0,1.0,256.02,256.84,255.1,256.09,544993.0
2016-07-19,256.0,256.91,254.53,256.91,383556.0,0.0,1.0,256.0,256.91,254.53,256.91,383556.0
2016-07-20,257.42,257.54,255.68,255.8,481763.0,0.0,1.0,257.42,257.54,255.68,255.8,481763.0
2016-07-21,255.15,256.78,254.62,254.91,449538.0,0.0,1.0,255.15,256.78,254.62,254.91,449538.0
2016-07-22,255.03,258.7799,254.9,258.6,379165.0,0.0,1.0,255.03,258.7799,254.9,258.6,379165.0
2016-07-25,258.96,260.0,258.41,259.55,344762.0,0.0,1.0,258.96,260.0,258.41,259.55,344762.0
2016-07-26,260.09,261.42,258.47,259.02,445008.0,0.0,1.0,260.09,261.42,258.47,259.02,445008.0
2016-07-27,258.81,259.99,256.82,257.73,431026.0,0.0,1.0,258.81,259.99,256.82,257.73,431026.0
2016-07-28,257.42,260.66,257.04,260.48,428581.0,0.0,1.0,257.42,260.66,257.04,260.48,428581.0
2016-07-29,260.76,262.12,260.13,261.21,452319.0,0.0,1.0,260.76,262.12,260.13,261.21,452319.0
2016-08-01,262.19,262.81,258.71,260.57,767453.0,0.0,1.0,262.19,262.81,258.71,260.57,767453.0
2016-08-02,261.51,262.0,255.067,256.98,697496.0,0.0,1.0,261.51,262.0,255.067,256.98,697496.0
2016-08-03,256.76,258.96,255.06,258.91,420896.0,0.0,1.0,256.76,258.96,255.06,258.91,420896.0
2016-08-04,258.33,260.69,256.638,260.68,532118.0,0.0,1.0,258.33,260.69,256.638,260.68,532118.0
2016-08-05,261.34,262.7772,260.71,262.35,414804.0,0.0,1.0,261.34,262.7772,260.71,262.35,414804.0
2016-08-08,263.16,263.56,260.66,261.33,348528.0,0.0,1.0,263.16,263.56,260.66,261.33,348528.0
2016-08-09,261.44,262.8753,260.789,261.91,276809.0,0.0,1.0,261.44,262.8753,260.789,261.91,276809.0
2016-08-10,262.39,263.48,261.78,263.09,269587.0,0.0,1.0,262.39,263.48,261.78,263.09,269587.0
2016-08-11,264.0,266.19,262.78,265.95,452193.0,0.0,1.0,264.0,266.19,262.78,265.95,452193.0
2016-08-12,265.05,266.98,265.05,266.8,433039.0,0.0,1.0,265.05,266.98,265.05,266.8,433039.0
2016-08-15,268.76,269.82,266.84,266.97,452937.0,0.0,1.0,268.76,269.82,266.84,266.97,452937.0
2016-08-16,266.0,267.37,265.33,265.9,468130.0,0.0,1.0,266.0,267.37,265.33,265.9,468130.0
2016-08-17,265.48,266.0,263.02,265.79,494767.0,0.0,1.0,265.48,266.0,263.02,265.79,494767.0
2016-08-18,266.34,271.96,266.34,271.59,835203.0,0.0,1.0,266.34,271.96,266.34,271.59,835203.0
2016-08-19,270.93,276.1999,268.74,274.55,839231.0,0.0,1.0,270.93,276.1999,268.74,274.55,839231.0
2016-08-22,275.78,275.86,270.35,270.7,1307778.0,0.0,1.0,275.78,275.86,270.35,270.7,1307778.0
2016-08-23,272.95,276.225,272.02,275.89,835415.0,0.0,1.0,272.95,276.225,272.02,275.89,835415.0
2016-08-24,278.29,278.626,271.28,273.98,1178285.0,0.0,1.0,278.29,278.626,271.28,273.98,1178285.0
2016-08-25,272.6,274.5,269.71,271.45,2178469.0,0.0,1.0,272.6,274.5,269.71,271.45,2178469.0
2016-08-26,270.11,270.5,250.2422,254.85,5833628.0,0.0,1.0,270.11,270.5,250.2422,254.85,5833628.0
2016-08-29,254.6,256.52,252.5,254.09,1251393.0,0.0,1.0,254.6,256.52,252.5,254.09,1251393.0
2016-08-30,252.51,253.169,244.5,244.97,1859434.0,0.0,1.0,252.51,253.169,244.5,244.97,1859434.0
2016-08-31,244.03,248.88,242.96,247.21,1549687.0,0.0,1.0,244.03,248.88,242.96,247.21,1549687.0
2016-09-01,246.67,248.442,244.68,245.52,682612.0,0.0,1.0,246.67,248.442,244.68,245.52,682612.0
2016-09-02,246.59,249.51,244.875,246.46,747315.0,0.0,1.0,246.59,249.51,244.875,246.46,747315.0
2016-09-06,246.82,249.76,246.37,249.64,862804.0,0.0,1.0,246.82,249.76,246.37,249.64,862804.0
2016-09-07,249.96,250.0,245.83,246.74,612816.0,0.0,1.0,249.96,250.0,245.83,246.74,612816.0
2016-09-08,244.93,245.9,243.001,243.57,936426.0,0.0,1.0,244.93,245.9,243.001,243.57,936426.0
2016-09-09,243.32,243.56,238.73,238.73,1310211.0,0.0,1.0,243.32,243.56,238.73,238.73,1310211.0
2016-09-12,235.38,243.33,235.19,242.39,1257189.0,0.0,1.0,235.38,243.33,235.19,242.39,1257189.0
2016-09-13,241.45,241.455,235.42,236.76,860549.0,0.0,1.0,241.45,241.455,235.42,236.76,860549.0
2016-09-14,237.31,239.23,236.12,237.27,583062.0,0.0,1.0,237.31,239.23,236.12,237.27,583062.0
2016-09-15,232.74,234.55,230.1,232.99,1478169.0,0.0,1.0,232.74,234.55,230.1,232.99,1478169.0
2016-09-16,232.9,235.639,232.05,233.79,1347187.0,0.0,1.0,232.9,235.639,232.05,233.79,1347187.0
2016-09-19,233.78,236.24,233.0701,234.55,690963.0,0.0,1.0,233.78,236.24,233.0701,234.55,690963.0
2016-09-20,234.55,235.83,233.0,233.2,611387.0,0.0,1.0,234.55,235.83,233.0,233.2,611387.0
2016-09-21,235.09,240.26,234.3,239.74,1162459.0,0.0,1.0,235.09,240.26,234.3,239.74,1162459.0
2016-09-22,240.95,241.12,237.405,238.38,687631.0,0.0,1.0,240.95,241.12,237.405,238.38,687631.0
2016-09-23,237.23,239.22,236.24,237.01,479713.0,0.0,1.0,237.23,239.22,236.24,237.01,479713.0
2016-09-26,236.0,238.71,235.4,237.81,542465.0,0.0,1.0,236.0,238.71,235.4,237.81,542465.0
2016-09-27,238.37,244.09,238.05,243.66,1292376.0,0.0,1.0,238.37,244.09,238.05,243.66,1292376.0
2016-09-28,243.7,243.9261,239.33,240.2,720297.0,0.0,1.0,243.7,243.9261,239.33,240.2,720297.0
2016-09-29,240.2,240.395,236.89,237.12,588929.0,0.0,1.0,240.2,240.395,236.89,237.12,588929.0
2016-09-30,238.87,240.61,237.32,237.98,615019.0,0.0,1.0,238.87,240.61,237.32,237.98,615019.0
2016-10-03,236.81,238.51,236.6,237.6,605668.0,0.0,1.0,236.81,238.51,236.6,237.6,605668.0
2016-10-04,237.73,239.22,236.77,238.55,809983.0,0.0,1.0,237.73,239.22,236.77,238.55,809983.0
2016-10-05,237.84,239.6,235.54,235.6,596322.0,0.0,1.0,237.84,239.6,235.54,235.6,596322.0
2016-10-06,235.6,242.7,235.1,241.57,1286429.0,0.0,1.0,235.6,242.7,235.1,241.57,1286429.0
2016-10-07,242.61,242.62,237.86,239.07,613687.0,0.0,1.0,242.61,242.62,237.86,239.07,613687.0
2016-10-10,241.65,242.0,239.34,240.36,433051.0,0.0,1.0,241.65,242.0,239.34,240.36,433051.0
2016-10-11,240.21,240.5836,235.59,236.66,609575.0,0.0,1.0,240.21,240.5836,235.59,236.66,609575.0
2016-10-12,237.18,240.49,236.63,238.97,556372.0,0.0,1.0,237.18,240.49,236.63,238.97,556372.0
2016-10-13,246.35,266.74,245.25,266.14,4768570.0,0.0,1.0,246.35,266.74,245.25,266.14,4768570.0
2016-10-14,268.03,268.78,262.59,262.75,1699655.0,0.0,1.0,268.03,268.78,262.59,262.75,1699655.0
2016-10-17,262.5,263.33,257.54,258.72,1198086.0,0.0,1.0,262.5,263.33,257.54,258.72,1198086.0
2016-10-18,260.62,261.49,255.72,256.04,710530.0,0.0,1.0,260.62,261.49,255.72,256.04,710530.0
2016-10-19,255.84,256.67,252.84,256.45,477386.0,0.0,1.0,255.84,256.67,252.84,256.45,477386.0
2016-10-20,255.45,257.55,254.0,254.43,407509.0,0.0,1.0,255.45,257.55,254.0,254.43,407509.0
2016-10-21,253.18,253.6,251.55,252.36,518629.0,0.0,1.0,253.18,253.6,251.55,252.36,518629.0
2016-10-24,253.23,253.66,251.09,252.25,721218.0,0.0,1.0,253.23,253.66,251.09,252.25,721218.0
2016-10-25,250.67,250.69,246.69,246.99,779883.0,0.0,1.0,250.67,250.69,246.69,246.99,779883.0
2016-10-26,246.59,248.86,245.76,245.92,620605.0,0.0,1.0,246.59,248.86,245.76,245.92,620605.0
2016-10-27,245.89,248.14,239.44,239.86,814027.0,0.0,1.0,245.89,248.14,239.44,239.86,814027.0
2016-10-28,239.86,244.35,239.415,242.31,579657.0,0.0,1.0,239.86,244.35,239.415,242.31,579657.0
2016-10-31,243.49,244.29,240.72,243.34,512979.0,0.0,1.0,243.49,244.29,240.72,243.34,512979.0
2016-11-01,242.82,243.68,238.76,240.18,478862.0,0.0,1.0,242.82,243.68,238.76,240.18,478862.0
2016-11-02,239.8,241.77,239.0,239.29,390477.0,0.0,1.0,239.8,241.77,239.0,239.29,390477.0
2016-11-03,238.82,239.554,229.76,231.61,966416.0,0.0,1.0,238.82,239.554,229.76,231.61,966416.0
2016-11-04,229.94,233.53,227.33,228.17,942330.0,0.0,1.0,229.94,233.53,227.33,228.17,942330.0
2016-11-07,231.76,232.9,225.13,232.59,1203565.0,0.0,1.0,231.76,232.9,225.13,232.59,1203565.0
2016-11-08,233.27,233.71,230.02,232.63,656202.0,0.0,1.0,233.27,233.71,230.02,232.63,656202.0
2016-11-09,226.64,237.31,226.51,236.34,1058564.0,0.0,1.0,226.64,237.31,226.51,236.34,1058564.0
2016-11-10,238.27,240.79,234.87,236.61,1129819.0,0.0,1.0,238.27,240.79,234.87,236.61,1129819.0
2016-11-11,235.4,239.84,234.56,238.87,698174.0,0.0,1.0,235.4,239.84,234.56,238.87,698174.0
2016-11-14,240.35,244.51,239.31,240.41,1252255.0,0.0,1.0,240.35,244.51,239.31,240.41,1252255.0
2016-11-15,241.38,245.21,239.75,244.47,904578.0,0.0,1.0,241.38,245.21,239.75,244.47,904578.0
2016-11-16,244.48,248.09,242.57,246.62,788398.0,0.0,1.0,244.48,248.09,242.57,246.62,788398.0
2016-11-17,247.78,251.31,246.12,251.13,895788.0,0.0,1.0,247.78,251.31,246.12,251.13,895788.0
2016-11-18,251.05,252.65,248.4632,250.09,468809.0,0.0,1.0,251.05,252.65,248.4632,250.09,468809.0
2016-11-21,251.09,252.09,249.05,251.0,741799.0,0.0,1.0,251.09,252.09,249.05,251.0,741799.0
2016-11-22,252.54,259.81,252.54,258.39,1208204.0,0.0,1.0,252.54,259.81,252.54,258.39,1208204.0
2016-11-23,259.29,262.92,258.06,262.02,836083.0,0.0,1.0,259.29,262.92,258.06,262.02,836083.0
2016-11-25,263.56,264.67,261.0025,263.62,383717.0,0.0,1.0,263.56,264.67,261.0025,263.62,383717.0
2016-11-28,263.57,265.375,261.0,261.6,841059.0,0.0,1.0,263.57,265.375,261.0,261.6,841059.0
2016-11-29,261.33,262.37,260.0,260.41,748682.0,0.0,1.0,261.33,262.37,260.0,260.41,748682.0
2016-11-30,259.68,262.27,256.54,259.5,1014454.0,0.0,1.0,259.68,262.27,256.54,259.5,1014454.0
2016-12-01,259.85,261.42,257.12,257.41,1412809.0,0.0,1.0,259.85,261.42,257.12,257.41,1412809.0
2016-12-02,271.7,273.99,244.75,253.39,4415669.0,0.0,1.0,271.7,273.99,244.75,253.39,4415669.0
2016-12-05,253.49,260.95,252.4,257.6,1678035.0,0.0,1.0,253.49,260.95,252.4,257.6,1678035.0
2016-12-06,256.93,257.15,251.74,254.22,1165179.0,0.0,1.0,256.93,257.15,251.74,254.22,1165179.0
2016-12-07,254.01,255.65,251.0837,253.94,704035.0,0.0,1.0,254.01,255.65,251.0837,253.94,704035.0
2016-12-08,254.57,256.63,253.17,253.29,736032.0,0.0,1.0,254.57,256.63,253.17,253.29,736032.0
2016-12-09,252.68,253.45,249.83,251.14,647089.0,0.0,1.0,252.68,253.45,249.83,251.14,647089.0
2016-12-12,250.02,251.61,248.5457,251.61,761382.0,0.0,1.0,250.02,251.61,248.5457,251.61,761382.0
2016-12-13,252.0,257.21,251.58,255.02,710148.0,0.0,1.0,252.0,257.21,251.58,255.02,710148.0
2016-12-14,254.42,254.9,251.25,252.93,630423.0,0.0,1.0,254.42,254.9,251.25,252.93,630423.0
2016-12-15,253.2,258.185,252.425,256.69,602295.0,0.0,1.0,253.2,258.185,252.425,256.69,602295.0
2016-12-16,257.8,266.57,257.8,262.13,1577571.0,0.0,1.0,257.8,266.57,257.8,262.13,1577571.0
2016-12-19,262.13,263.87,259.04,259.97,774213.0,0.0,1.0,262.13,263.87,259.04,259.97,774213.0
2016-12-20,259.8,262.55,259.12,260.89,495366.0,0.0,1.0,259.8,262.55,259.12,260.89,495366.0
2016-12-21,260.29,263.3499,258.2,262.95,628947.0,0.0,1.0,260.29,263.3499,258.2,262.95,628947.0
2016-12-22,263.1,264.0,256.36,257.31,744872.0,0.0,1.0,263.1,264.0,256.36,257.31,744872.0
2016-12-23,257.25,258.4553,255.831,256.86,335656.0,0.0,1.0,257.25,258.4553,255.831,256.86,335656.0
2016-12-27,257.99,260.4,257.685,258.73,407693.0,0.0,1.0,257.99,260.4,257.685,258.73,407693.0
2016-12-28,258.9,259.47,254.25,255.75,435338.0,0.0,1.0,258.9,259.47,254.25,255.75,435338.0
2016-12-29,254.91,258.21,254.91,257.34,330486.0,0.0,1.0,254.91,258.21,254.91,257.34,330486.0
2016-12-30,258.16,258.16,253.62,254.94,399163.0,0.0,1.0,258.16,258.16,253.62,254.94,399163.0
2017-01-03,256.2,260.58,255.61,256.68,662200.0,0.0,1.0,256.2,260.58,255.61,256.68,662200.0
2017-01-04,257.08,261.83,257.08,260.92,678325.0,0.0,1.0,257.08,261.83,257.08,260.92,678325.0
2017-01-05,259.84,266.06,258.416,264.14,1279511.0,0.0,1.0,259.84,266.06,258.416,264.14,1279511.0
2017-01-06,264.64,266.8008,262.281,263.3,710515.0,0.0,1.0,264.64,266.8008,262.281,263.3,710515.0
2017-01-09,263.18,265.31,259.53,260.79,433499.0,0.0,1.0,263.18,265.31,259.53,260.79,433499.0
2017-01-10,260.98,264.14,260.78,262.5,431410.0,0.0,1.0,260.98,264.14,260.78,262.5,431410.0
2017-01-11,262.5,264.38,260.4244,262.15,393142.0,0.0,1.0,262.5,264.38,260.4244,262.15,393142.0
2017-01-12,262.03,262.07,259.0,260.95,403566.0,0.0,1.0,262.03,262.07,259.0,260.95,403566.0
2017-01-13,260.74,262.25,259.71,261.4,409688.0,0.0,1.0,260.74,262.25,259.71,261.4,409688.0
2017-01-17,260.95,264.875,259.5,263.06,412236.0,0.0,1.0,260.95,264.875,259.5,263.06,412236.0
2017-01-18,264.04,265.71,261.75,265.5,638735.0,0.0,1.0,264.04,265.71,261.75,265.5,638735.0
2017-01-19,265.76,267.96,264.975,266.12,829213.0,0.0,1.0,265.76,267.96,264.975,266.12,829213.0
2017-01-20,267.13,267.22,265.34,266.22,634686.0,0.0,1.0,267.13,267.22,265.34,266.22,634686.0
2017-01-23,265.9,266.4175,263.81,266.02,446516.0,0.0,1.0,265.9,266.4175,263.81,266.02,446516.0
2017-01-24,266.43,269.1155,265.55,268.81,501149.0,0.0,1.0,266.43,269.1155,265.55,268.81,501149.0
2017-01-25,269.97,272.52,268.73,272.01,654943.0,0.0,1.0,269.97,272.52,268.73,272.01,654943.0
2017-01-26,271.89,273.99,271.18,272.42,503707.0,0.0,1.0,271.89,273.99,271.18,272.42,503707.0
2017-01-27,272.36,272.36,270.115,271.44,365536.0,0.0,1.0,272.36,272.36,270.115,271.44,365536.0
2017-01-30,270.76,271.42,267.25,270.18,680866.0,0.0,1.0,270.76,271.42,267.25,270.18,680866.0
2017-01-31,270.17,273.17,266.4,272.28,820936.0,0.0,1.0,270.17,273.17,266.4,272.28,820936.0
2017-02-01,272.38,273.75,269.24,269.54,443158.0,0.0,1.0,272.38,273.75,269.24,269.54,443158.0
2017-02-02,268.85,271.04,267.2501,270.75,462881.0,0.0,1.0,268.85,271.04,267.2501,270.75,462881.0
2017-02-03,272.0,274.75,270.6,272.06,442797.0,0.0,1.0,272.0,274.75,270.6,272.06,442797.0
2017-02-06,272.31,274.75,271.22,273.08,721736.0,0.0,1.0,272.31,274.75,271.22,273.08,721736.0
2017-02-07,273.05,274.28,271.63,272.49,427963.0,0.0,1.0,273.05,274.28,271.63,272.49,427963.0
2017-02-08,272.54,272.99,271.08,272.82,444062.0,0.0,1.0,272.54,272.99,271.08,272.82,444062.0
2017-02-09,273.75,273.95,272.08,272.87,492101.0,0.0,1.0,273.75,273.95,272.08,272.87,492101.0
2017-02-10,273.04,273.47,269.31,269.84,671380.0,0.0,1.0,273.04,273.47,269.31,269.84,671380.0
2017-02-13,270.8,271.3,267.75,268.12,613411.0,0.0,1.0,270.8,271.3,267.75,268.12,613411.0
2017-02-14,268.2,271.49,267.77,271.46,620953.0,0.0,1.0,268.2,271.49,267.77,271.46,620953.0
2017-02-15,270.99,273.87,270.45,273.64,520093.0,0.0,1.0,270.99,273.87,270.45,273.64,520093.0
2017-02-16,273.6,273.98,271.0,272.09,395892.0,0.0,1.0,273.6,273.98,271.0,272.09,395892.0
2017-02-17,271.96,276.33,270.71,275.15,449624.0,0.0,1.0,271.96,276.33,270.71,275.15,449624.0
2017-02-21,275.95,278.45,275.58,277.26,505487.0,0.0,1.0,275.95,278.45,275.58,277.26,505487.0
2017-02-22,277.53,278.06,276.01,277.19,313052.0,0.0,1.0,277.53,278.06,276.01,277.19,313052.0
2017-02-23,277.82,277.99,273.735,274.6,487380.0,0.0,1.0,277.82,277.99,273.735,274.6,487380.0
2017-02-24,274.19,277.255,272.52,276.33,465618.0,0.0,1.0,274.19,277.255,272.52,276.33,465618.0
2017-02-27,277.0,277.61,275.5875,275.69,398208.0,0.0,1.0,277.0,277.61,275.5875,275.69,398208.0
2017-02-28,275.35,276.35,272.73,273.43,425338.0,0.0,1.0,275.35,276.35,272.73,273.43,425338.0
2017-03-01,276.59,277.7792,274.46,274.83,588362.0,0.0,1.0,276.59,277.7792,274.46,274.83,588362.0
2017-03-02,274.83,277.75,274.83,277.45,509064.0,0.0,1.0,274.83,277.75,274.83,277.45,509064.0
2017-03-03,277.38,278.34,275.28,278.15,463225.0,0.0,1.0,277.38,278.34,275.28,278.15,463225.0
2017-03-06,280.24,281.165,273.49,275.59,1079238.0,0.0,1.0,280.24,281.165,273.49,275.59,1079238.0
2017-03-07,274.75,275.16,268.23,269.92,1641595.0,0.0,1.0,274.75,275.16,268.23,269.92,1641595.0
2017-03-08,270.5,275.86,270.5,275.47,823437.0,0.0,1.0,270.5,275.86,270.5,275.47,823437.0
2017-03-09,276.5,277.25,272.65,273.77,1726447.0,0.0,1.0,276.5,277.25,272.65,273.77,1726447.0
2017-03-10,271.0,287.19,270.5,286.42,4576917.0,0.0,1.0,271.0,287.19,270.5,286.42,4576917.0
2017-03-13,286.47,288.59,283.71,286.91,1086792.0,0.0,1.0,286.47,288.59,283.71,286.91,1086792.0
2017-03-14,285.21,286.69,283.8,285.38,616464.0,0.0,1.0,285.21,286.69,283.8,285.38,616464.0
2017-03-15,286.0,288.55,284.45,287.78,548145.0,0.0,1.0,286.0,288.55,284.45,287.78,548145.0
2017-03-16,287.73,289.13,285.09,286.32,487389.0,0.0,1.0,287.73,289.13,285.09,286.32,487389.0
2017-03-17,287.63,289.27,286.075,288.81,665208.0,0.0,1.0,287.63,289.27,286.075,288.81,665208.0
2017-03-20,288.8,288.9799,284.2715,285.71,655616.0,0.0,1.0,288.8,288.9799,284.2715,285.71,655616.0
2017-03-21,286.2,286.43,280.93,281.28,588070.0,0.0,1.0,286.2,286.43,280.93,281.28,588070.0
2017-03-22,281.28,284.05,280.0,283.26,701431.0,0.0,1.0,281.28,284.05,280.0,283.26,701431.0
2017-03-23,283.01,284.775,280.95,281.22,489018.0,0.0,1.0,283.01,284.775,280.95,281.22,489018.0
2017-03-24,281.78,282.91,279.83,281.53,342243.0,0.0,1.0,281.78,282.91,279.83,281.53,342243.0
2017-03-27,279.64,281.88,277.09,280.14,514642.0,0.0,1.0,279.64,281.88,277.09,280.14,514642.0
2017-03-28,279.79,283.65,279.71,282.86,379744.0,0.0,1.0,279.79,283.65,279.71,282.86,379744.0
2017-03-29,283.17,283.99,281.57,283.43,411384.0,0.0,1.0,283.17,283.99,281.57,283.43,411384.0
2017-03-30,283.06,285.54,281.72,285.51,500205.0,0.0,1.0,283.06,285.54,281.72,285.51,500205.0
2017-03-31,285.24,285.96,283.76,285.23,433911.0,0.0,1.0,285.24,285.96,283.76,285.23,433911.0
2017-04-03,285.51,285.98,281.915,282.03,644353.0,0.0,1.0,285.51,285.98,281.915,282.03,644353.0
2017-04-04,282.0,284.04,280.85,281.57,397907.0,0.0,1.0,282.0,284.04,280.85,281.57,397907.0
2017-04-05,281.69,284.41,280.49,281.65,406049.0,0.0,1.0,281.69,284.41,280.49,281.65,406049.0
2017-04-06,282.65,285.02,282.21,284.96,504863.0,0.0,1.0,282.65,285.02,282.21,284.96,504863.0
2017-04-07,285.21,286.99,283.75,284.5,342147.0,0.0,1.0,285.21,286.99,283.75,284.5,342147.0
2017-04-10,287.46,287.46,285.3,286.59,370013.0,0.0,1.0,287.46,287.46,285.3,286.59,370013.0
2017-04-11,286.74,287.08,283.31,286.65,356930.0,0.0,1.0,286.74,287.08,283.31,286.65,356930.0
2017-04-12,285.71,286.18,283.03,283.78,336712.0,0.0,1.0,285.71,286.18,283.03,283.78,336712.0
2017-04-13,284.21,285.8292,282.68,282.68,330321.0,0.0,1.0,284.21,285.8292,282.68,282.68,330321.0
2017-04-17,283.49,284.73,282.21,283.17,325869.0,0.0,1.0,283.49,284.73,282.21,283.17,325869.0
2017-04-18,282.75,284.18,282.0,282.86,291893.0,0.0,1.0,282.75,284.18,282.0,282.86,291893.0
2017-04-19,282.0,282.425,276.0201,279.46,1042008.0,0.0,1.0,282.0,282.425,276.0201,279.46,1042008.0
2017-04-20,279.87,281.3888,277.97,278.73,560266.0,0.0,1.0,279.87,281.3888,277.97,278.73,560266.0
2017-04-21,278.78,281.03,277.55,279.5,507275.0,0.0,1.0,278.78,281.03,277.55,279.5,507275.0
2017-04-24,282.48,283.0,276.4,278.21,707189.0,0.0,1.0,282.48,283.0,276.4,278.21,707189.0
2017-04-25,279.47,281.19,276.64,277.99,496230.0,0.0,1.0,279.47,281.19,276.64,277.99,496230.0
2017-04-26,278.11,280.98,277.03,279.69,471185.0,0.0,1.0,278.11,280.98,277.03,279.69,471185.0
2017-04-27,279.71,283.665,277.945,281.68,662677.0,0.0,1.0,279.71,283.665,277.945,281.68,662677.0
2017-04-28,282.44,282.8,279.54,281.44,347388.0,0.0,1.0,282.44,282.8,279.54,281.44,347388.0
2017-05-01,281.78,283.84,281.2,283.22,464797.0,0.0,1.0,281.78,283.84,281.2,283.22,464797.0
2017-05-02,283.28,288.72,283.28,288.59,514910.0,0.0,1.0,283.28,288.72,283.28,288.59,514910.0
2017-05-03,288.83,291.5,288.22,290.36,456286.0,0.0,1.0,288.83,291.5,288.22,290.36,456286.0
2017-05-04,290.01,292.385,289.48,292.21,325029.0,0.0,1.0,290.01,292.385,289.48,292.21,325029.0
2017-05-05,292.92,296.17,291.65,295.47,475818.0,0.0,1.0,292.92,296.17,291.65,295.47,475818.0
2017-05-08,296.0,298.13,294.04,297.54,524762.0,0.0,1.0,296.0,298.13,294.04,297.54,524762.0
2017-05-09,298.06,301.4,297.62,299.57,587146.0,0.0,1.0,298.06,301.4,297.62,299.57,587146.0
2017-05-10,299.42,299.9187,297.55,299.47,432498.0,0.0,1.0,299.42,299.9187,297.55,299.47,432498.0
2017-05-11,298.54,300.4249,296.02,299.91,502396.0,0.0,1.0,298.54,300.4249,296.02,299.91,502396.0
2017-05-12,299.65,299.65,296.185,297.55,465177.0,0.0,1.0,299.65,299.65,296.185,297.55,465177.0
2017-05-15,298.41,299.88,295.18,295.41,576639.0,0.0,1.0,298.41,299.88,295.18,295.41,576639.0
2017-05-16,295.49,295.99,293.2,293.33,688367.0,0.0,1.0,295.49,295.99,293.2,293.33,688367.0
2017-05-17,292.11,293.2,289.68,292.09,751431.0,0.0,1.0,292.11,293.2,289.68,292.09,751431.0
2017-05-18,293.11,299.7,292.27,297.82,886492.0,0.0,1.0,293.11,299.7,292.27,297.82,886492.0
2017-05-19,298.01,299.66,292.91,294.08,701868.0,0.0,1.0,298.01,299.66,292.91,294.08,701868.0
2017-05-22,295.32,298.84,294.08,294.94,609719.0,0.0,1.0,295.32,298.84,294.08,294.94,609719.0
2017-05-23,296.39,296.4,290.0,290.55,919483.0,0.0,1.0,296.39,296.4,290.0,290.55,919483.0
2017-05-24,290.5,290.98,277.68,280.51,2020736.0,0.0,1.0,290.5,290.98,277.68,280.51,2020736.0
2017-05-25,282.26,293.84,282.26,293.04,1859956.0,0.0,1.0,282.26,293.84,282.26,293.04,1859956.0
2017-05-26,305.5,310.0,301.36,302.4,2853531.0,0.0,1.0,305.5,310.0,301.36,302.4,2853531.0
2017-05-30,302.02,306.87,302.0,303.0,805653.0,0.0,1.0,302.02,306.87,302.0,303.0,805653.0
2017-05-31,304.11,304.97,301.3,304.84,552670.0,0.0,1.0,304.11,304.97,301.3,304.84,552670.0
2017-06-01,304.45,307.19,304.265,306.72,507158.0,0.0,1.0,304.45,307.19,304.265,306.72,507158.0
2017-06-02,309.99,311.78,307.7,311.47,679836.0,0.0,1.0,309.99,311.78,307.7,311.47,679836.0
2017-06-05,313.14,314.86,311.54,313.73,838590.0,0.0,1.0,313.14,314.86,311.54,313.73,838590.0
2017-06-06,313.21,314.08,306.01,306.96,933334.0,0.0,1.0,313.21,314.08,306.01,306.96,933334.0
2017-06-07,307.93,309.63,306.88,307.94,479764.0,0.0,1.0,307.93,309.63,306.88,307.94,479764.0
2017-06-08,309.0,310.0,305.52,307.27,532354.0,0.0,1.0,309.0,310.0,305.52,307.27,532354.0
2017-06-09,308.33,310.19,306.8401,307.87,507495.0,0.0,1.0,308.33,310.19,306.8401,307.87,507495.0
2017-06-12,305.88,307.49,300.48,301.02,824022.0,0.0,1.0,305.88,307.49,300.48,301.02,824022.0
2017-06-13,301.68,303.02,299.02,302.69,531210.0,0.0,1.0,301.68,303.02,299.02,302.69,531210.0
2017-06-14,302.44,303.5083,299.45,302.21,635053.0,0.0,1.0,302.44,303.5083,299.45,302.21,635053.0
2017-06-15,300.73,300.74,296.94,300.13,385845.0,0.0,1.0,300.73,300.74,296.94,300.13,385845.0
2017-06-16,298.42,299.6,294.41,295.94,799734.0,0.0,1.0,298.42,299.6,294.41,295.94,799734.0
2017-06-19,296.69,297.0,291.04,294.17,876650.0,0.0,1.0,296.69,297.0,291.04,294.17,876650.0
2017-06-20,294.85,299.9699,294.85,296.5,999292.0,0.0,1.0,294.85,299.9699,294.85,296.5,999292.0
2017-06-21,295.67,296.89,288.22,288.84,979121.0,0.0,1.0,295.67,296.89,288.22,288.84,979121.0
2017-06-22,288.8,290.51,283.1,284.14,1093110.0,0.0,1.0,288.8,290.51,283.1,284.14,1093110.0
2017-06-23,282.21,286.19,280.95,284.71,795564.0,0.0,1.0,282.21,286.19,280.95,284.71,795564.0
2017-06-26,285.0,291.56,285.0,289.72,735458.0,0.0,1.0,285.0,291.56,285.0,289.72,735458.0
2017-06-27,289.44,289.71,280.98,282.86,885572.0,0.0,1.0,289.44,289.71,280.98,282.86,885572.0
2017-06-28,283.28,286.965,280.32,285.28,524723.0,0.0,1.0,283.28,286.965,280.32,285.28,524723.0
2017-06-29,284.9,286.5,281.37,285.88,760052.0,0.0,1.0,284.9,286.5,281.37,285.88,760052.0
2017-06-30,287.51,289.8499,284.341,287.34,713705.0,0.0,1.0,287.51,289.8499,284.341,287.34,713705.0
2017-07-03,287.7,288.34,282.78,283.36,333040.0,0.0,1.0,287.7,288.34,282.78,283.36,333040.0
2017-07-05,281.0,283.97,276.115,279.04,1287165.0,0.0,1.0,281.0,283.97,276.115,279.04,1287165.0
2017-07-06,276.51,277.72,271.43,273.24,1070702.0,0.0,1.0,276.51,277.72,271.43,273.24,1070702.0
2017-07-07,273.92,278.94,272.04,276.97,576123.0,0.0,1.0,273.92,278.94,272.04,276.97,576123.0
2017-07-10,276.64,276.89,267.52,268.82,1087237.0,0.0,1.0,276.64,276.89,267.52,268.82,1087237.0
2017-07-11,268.57,269.25,253.09,255.98,3379299.0,0.0,1.0,268.57,269.25,253.09,255.98,3379299.0
2017-07-12,258.68,265.31,257.17,261.86,1888415.0,0.0,1.0,258.68,265.31,257.17,261.86,1888415.0
2017-07-13,265.5,265.5,257.19,257.4,1080128.0,0.0,1.0,265.5,265.5,257.19,257.4,1080128.0
2017-07-14,264.7,267.48,260.7,261.74,1552477.0,0.0,1.0,264.7,267.48,260.7,261.74,1552477.0
2017-07-17,261.75,262.48,253.69,253.94,1664055.0,0.0,1.0,261.75,262.48,253.69,253.94,1664055.0
2017-07-18,253.15,259.78,253.15,258.75,1561185.0,0.0,1.0,253.15,259.78,253.15,258.75,1561185.0
2017-07-19,259.17,260.7879,255.14,256.75,1179522.0,0.0,1.0,259.17,260.7879,255.14,256.75,1179522.0
2017-07-20,256.67,256.94,254.89,255.74,745749.0,0.0,1.0,256.67,256.94,254.89,255.74,745749.0
2017-07-21,255.66,256.485,250.44,253.4,1091078.0,0.0,1.0,255.66,256.485,250.44,253.4,1091078.0
2017-07-24,253.3,256.1309,250.88,252.08,823760.0,0.0,1.0,253.3,256.1309,250.88,252.08,823760.0
2017-07-25,252.49,257.11,250.53,256.61,906460.0,0.0,1.0,252.49,257.11,250.53,256.61,906460.0
2017-07-26,245.79,249.98,243.61,247.24,2353994.0,0.0,1.0,245.79,249.98,243.61,247.24,2353994.0
2017-07-27,247.24,251.5,245.801,249.43,1128069.0,0.0,1.0,247.24,251.5,245.801,249.43,1128069.0
2017-07-28,247.01,252.57,246.0,248.6,627863.0,0.0,1.0,247.01,252.57,246.0,248.6,627863.0
2017-07-31,243.88,251.915,243.28,251.21,955461.0,0.0,1.0,243.88,251.915,243.28,251.21,955461.0
2017-08-01,253.14,257.06,252.45,255.27,1115385.0,0.0,1.0,253.14,257.06,252.45,255.27,1115385.0
2017-08-02,255.0,255.35,246.1,247.97,1186948.0,0.0,1.0,255.0,255.35,246.1,247.97,1186948.0
2017-08-03,246.94,251.98,246.2353,251.28,674531.0,0.0,1.0,246.94,251.98,246.2353,251.28,674531.0
2017-08-04,252.15,254.59,250.01,250.2,458683.0,0.0,1.0,252.15,254.59,250.01,250.2,458683.0
2017-08-07,249.56,251.92,248.53,248.81,617001.0,0.0,1.0,249.56,251.92,248.53,248.81,617001.0
2017-08-08,248.89,252.87,247.23,250.64,529584.0,0.0,1.0,248.89,252.87,247.23,250.64,529584.0
2017-08-09,249.85,254.42,249.177,253.08,659582.0,0.0,1.0,249.85,254.42,249.177,253.08,659582.0
2017-08-10,252.09,252.202,246.69,246.87,684507.0,0.0,1.0,252.09,252.202,246.69,246.87,684507.0
2017-08-11,247.95,251.98,247.95,251.05,382057.0,0.0,1.0,247.95,251.98,247.95,251.05,382057.0
2017-08-14,251.8,252.88,247.45,248.47,679578.0,0.0,1.0,251.8,252.88,247.45,248.47,679578.0
2017-08-15,248.81,248.93,237.36,237.67,1572080.0,0.0,1.0,248.81,248.93,237.36,237.67,1572080.0
2017-08-16,238.02,245.1,236.0,243.43,1297049.0,0.0,1.0,238.02,245.1,236.0,243.43,1297049.0
2017-08-17,241.83,245.25,240.96,241.43,671167.0,0.0,1.0,241.83,245.25,240.96,241.43,671167.0
2017-08-18,240.85,247.3569,240.85,244.2,812512.0,0.0,1.0,240.85,247.3569,240.85,244.2,812512.0
2017-08-21,236.67,240.0,233.02,234.21,1789383.0,0.0,1.0,236.67,240.0,233.02,234.21,1789383.0
2017-08-22,236.37,239.98,231.16,231.65,2154193.0,0.0,1.0,236.37,239.98,231.16,231.65,2154193.0
2017-08-23,231.0,233.44,228.5,232.06,2851430.0,0.0,1.0,231.0,233.44,228.5,232.06,2851430.0
2017-08-24,240.0,247.3,233.02,233.71,2321230.0,0.0,1.0,240.0,247.3,233.02,233.71,2321230.0
2017-08-25,215.44,217.8,208.25,212.36,7823651.0,0.0,1.0,215.44,217.8,208.25,212.36,7823651.0
2017-08-28,210.2,211.384,207.0,207.75,2727379.0,0.0,1.0,210.2,211.384,207.0,207.75,2727379.0
2017-08-29,205.14,212.73,204.01,211.78,1751565.0,0.0,1.0,205.14,212.73,204.01,211.78,1751565.0
2017-08-30,211.38,213.88,210.59,213.57,1500358.0,0.0,1.0,211.38,213.88,210.59,213.57,1500358.0
2017-08-31,214.82,221.15,214.4653,221.01,2063719.0,0.0,1.0,214.82,221.15,214.4653,221.01,2063719.0
2017-09-01,221.12,222.27,218.76,221.73,1642348.0,0.0,1.0,221.12,222.27,218.76,221.73,1642348.0
2017-09-05,221.0,223.94,220.01,223.9,1621281.0,0.0,1.0,221.0,223.94,220.01,223.9,1621281.0
2017-09-06,224.29,228.09,223.77,228.0,1514564.0,0.0,1.0,224.29,228.09,223.77,228.0,1514564.0
2017-09-07,228.52,231.28,228.25,230.53,1621308.0,0.0,1.0,228.52,231.28,228.25,230.53,1621308.0
2017-09-08,229.66,229.66,226.0,226.98,1110181.0,0.0,1.0,229.66,229.66,226.0,226.98,1110181.0
2017-09-11,227.87,228.8887,227.12,228.6,711642.0,0.0,1.0,227.87,228.8887,227.12,228.6,711642.0
2017-09-12,229.54,229.56,225.52,226.88,1002823.0,0.0,1.0,229.54,229.56,225.52,226.88,1002823.0
2017-09-13,225.98,227.69,225.71,226.41,712647.0,0.0,1.0,225.98,227.69,225.71,226.41,712647.0
2017-09-14,225.34,226.025,221.69,223.93,1438632.0,0.0,1.0,225.34,226.025,221.69,223.93,1438632.0
2017-09-15,223.49,224.88,222.81,224.67,924165.0,0.0,1.0,223.49,224.88,222.81,224.67,924165.0
2017-09-18,225.73,228.69,225.335,227.08,1059337.0,0.0,1.0,225.73,228.69,225.335,227.08,1059337.0
2017-09-19,227.38,227.55,222.63,224.45,791113.0,0.0,1.0,227.38,227.55,222.63,224.45,791113.0
2017-09-20,223.89,226.92,221.884,223.84,619709.0,0.0,1.0,223.89,226.92,221.884,223.84,619709.0
2017-09-21,224.72,224.72,219.7,219.74,800372.0,0.0,1.0,224.72,224.72,219.7,219.74,800372.0
2017-09-22,219.01,221.69,218.36,219.17,765893.0,0.0,1.0,219.01,221.69,218.36,219.17,765893.0
2017-09-25,219.64,220.63,218.13,218.89,902700.0,0.0,1.0,219.64,220.63,218.13,218.89,902700.0
2017-09-26,219.0,220.755,218.67,218.99,1416733.0,0.0,1.0,219.0,220.755,218.67,218.99,1416733.0
2017-09-27,219.28,228.8,219.28,227.66,1153908.0,0.0,1.0,219.28,228.8,219.28,227.66,1153908.0
2017-09-28,227.44,228.59,226.031,226.89,549480.0,0.0,1.0,227.44,228.59,226.031,226.89,549480.0
2017-09-29,226.3,227.91,224.62,226.06,555113.0,0.0,1.0,226.3,227.91,224.62,226.06,555113.0
2017-10-02,226.93,226.99,218.3254,223.8,1057015.0,0.0,1.0,226.93,226.99,218.3254,223.8,1057015.0
2017-10-03,222.47,227.79,221.76,227.62,864558.0,0.0,1.0,222.47,227.79,221.76,227.62,864558.0
2017-10-04,226.76,227.4196,222.85,223.52,598692.0,0.0,1.0,226.76,227.4196,222.85,223.52,598692.0
2017-10-05,223.53,224.99,220.62,220.63,1220856.0,0.0,1.0,223.53,224.99,220.62,220.63,1220856.0
2017-10-06,219.42,221.33,219.1,219.91,1352641.0,0.0,1.0,219.42,221.33,219.1,219.91,1352641.0
2017-10-09,220.1,220.9,215.61,217.34,627961.0,0.0,1.0,220.1,220.9,215.61,217.34,627961.0
2017-10-10,217.15,217.84,212.69,212.69,835320.0,0.0,1.0,217.15,217.84,212.69,212.69,835320.0
2017-10-11,212.19,212.68,207.6704,207.89,2050701.0,0.0,1.0,212.19,212.68,207.6704,207.89,2050701.0
2017-10-12,201.52,201.78,189.5,190.16,5466024.0,0.0,1.0,201.52,201.78,189.5,190.16,5466024.0
2017-10-13,191.98,200.9,187.96,198.58,3784546.0,0.0,1.0,191.98,200.9,187.96,198.58,3784546.0
2017-10-16,196.12,197.4,192.105,193.7,2301895.0,0.0,1.0,196.12,197.4,192.105,193.7,2301895.0
2017-10-17,196.44,202.66,195.27,202.28,1990436.0,0.0,1.0,196.44,202.66,195.27,202.28,1990436.0
2017-10-18,197.81,201.16,196.61,198.37,2392795.0,0.0,1.0,197.81,201.16,196.61,198.37,2392795.0
2017-10-19,198.06,208.69,197.12,204.62,2690939.0,0.0,1.0,198.06,208.69,197.12,204.62,2690939.0
2017-10-20,205.72,207.64,203.17,204.84,1109205.0,0.0,1.0,205.72,207.64,203.17,204.84,1109205.0
2017-10-23,204.84,204.965,202.105,202.36,803375.0,0.0,1.0,204.84,204.965,202.105,202.36,803375.0
2017-10-24,201.96,203.77,201.2719,203.31,662947.0,0.0,1.0,201.96,203.77,201.2719,203.31,662947.0
2017-10-25,202.6,203.43,199.5614,201.29,709588.0,0.0,1.0,202.6,203.43,199.5614,201.29,709588.0
2017-10-26,201.23,202.26,199.4,200.51,685960.0,0.0,1.0,201.23,202.26,199.4,200.51,685960.0
2017-10-27,200.0,200.36,196.01,198.93,950851.0,0.0,1.0,200.0,200.36,196.01,198.93,950851.0
2017-10-30,197.86,204.95,196.78,201.69,820203.0,0.0,1.0,197.86,204.95,196.78,201.69,820203.0
2017-10-31,202.18,203.88,200.29,201.79,721968.0,0.0,1.0,202.18,203.88,200.29,201.79,721968.0
2017-11-01,203.79,212.35,202.14,204.83,1345413.0,0.0,1.0,203.79,212.35,202.14,204.83,1345413.0
2017-11-02,204.77,208.54,201.3,202.9,853592.0,0.0,1.0,204.77,208.54,201.3,202.9,853592.0
2017-11-03,203.03,205.2,201.15,202.05,816176.0,0.0,1.0,203.03,205.2,201.15,202.05,816176.0
2017-11-06,201.18,202.645,198.51,201.33,1255949.0,0.0,1.0,201.18,202.645,198.51,201.33,1255949.0
2017-11-07,201.64,202.845,196.54,197.99,750113.0,0.0,1.0,201.64,202.845,196.54,197.99,750113.0
2017-11-09,194.07,201.28,191.8,199.19,950113.0,0.0,1.0,194.07,201.28,191.8,199.19,950113.0
2017-11-10,198.42,204.66,198.196,200.76,786793.0,0.0,1.0,198.42,204.66,198.196,200.76,786793.0
2017-11-13,200.55,202.01,196.11,198.03,854586.0,0.0,1.0,200.55,202.01,196.11,198.03,854586.0
2017-11-14,197.82,201.24,197.82,199.05,577904.0,0.0,1.0,197.82,201.24,197.82,199.05,577904.0
2017-11-15,198.15,200.6,196.56,199.99,631755.0,0.0,1.0,198.15,200.6,196.56,199.99,631755.0
2017-11-16,200.82,207.61,198.605,205.96,1019559.0,0.0,1.0,200.82,207.61,198.605,205.96,1019559.0
2017-11-17,208.02,215.68,206.61,215.1,1684717.0,0.0,1.0,208.02,215.68,206.61,215.1,1684717.0
2017-11-20,215.77,216.05,208.745,209.16,1277924.0,0.0,1.0,215.77,216.05,208.745,209.16,1277924.0
2017-11-21,207.06,211.9,203.09,209.96,1623330.0,0.0,1.0,207.06,211.9,203.09,209.96,1623330.0
2017-11-22,210.16,215.41,209.72,212.3,1146066.0,0.0,1.0,210.16,215.41,209.72,212.3,1146066.0
2017-11-24,212.69,214.08,209.27,210.37,438178.0,0.0,1.0,212.69,214.08,209.27,210.37,438178.0
2017-11-27,210.95,212.0,205.84,206.69,1136204.0,0.0,1.0,210.95,212.0,205.84,206.69,1136204.0
2017-11-28,208.3,217.27,206.64,217.07,1778997.0,0.0,1.0,208.3,217.27,206.64,217.07,1778997.0
2017-11-29,218.98,227.4,218.82,223.1,1970391.0,0.0,1.0,218.98,227.4,218.82,223.1,1970391.0
2017-11-30,224.61,226.899,218.58,221.71,2199656.0,0.0,1.0,224.61,226.899,218.58,221.71,2199656.0
2017-12-01,208.07,217.61,201.0,212.58,6683408.0,0.0,1.0,208.07,217.61,201.0,212.58,6683408.0
2017-12-04,212.74,226.92,212.74,221.64,2643220.0,0.0,1.0,212.74,226.92,212.74,221.64,2643220.0
2017-12-05,223.77,226.14,219.7975,223.97,1566699.0,0.0,1.0,223.77,226.14,219.7975,223.97,1566699.0
2017-12-06,222.68,225.26,219.53,223.14,1259401.0,0.0,1.0,222.68,225.26,219.53,223.14,1259401.0
2017-12-07,223.96,227.52,221.15,221.59,1025733.0,0.0,1.0,223.96,227.52,221.15,221.59,1025733.0
2017-12-08,222.41,225.309,219.1301,224.54,1463078.0,0.0,1.0,222.41,225.309,219.1301,224.54,1463078.0
2017-12-11,224.16,224.43,215.5638,216.14,1122301.0,0.0,1.0,224.16,224.43,215.5638,216.14,1122301.0
2017-12-12,216.25,217.225,210.72,214.87,1857135.0,0.0,1.0,216.25,217.225,210.72,214.87,1857135.0
2017-12-13,215.76,217.47,213.23,215.03,1045615.0,0.0,1.0,215.76,217.47,213.23,215.03,1045615.0
2017-12-14,216.08,218.2624,214.75,217.17,1379420.0,0.0,1.0,216.08,218.2624,214.75,217.17,1379420.0
2017-12-15,218.37,220.1,216.01,218.25,1590772.0,0.0,1.0,218.37,220.1,216.01,218.25,1590772.0
2017-12-18,219.68,224.44,219.32,222.66,805490.0,0.0,1.0,219.68,224.44,219.32,222.66,805490.0
2017-12-19,227.41,230.8,223.92,227.47,1144076.0,0.0,1.0,227.41,230.8,223.92,227.47,1144076.0
2017-12-20,228.49,230.89,224.21,226.0,895671.0,0.0,1.0,228.49,230.89,224.21,226.0,895671.0
2017-12-21,226.29,229.58,225.93,228.57,1425711.0,0.0,1.0,226.29,229.58,225.93,228.57,1425711.0
2017-12-22,229.29,229.5599,224.73,226.27,1231223.0,0.0,1.0,229.29,229.5599,224.73,226.27,1231223.0
2017-12-26,227.74,229.97,224.34,226.68,1377981.0,0.0,1.0,227.74,229.97,224.34,226.68,1377981.0
2017-12-27,226.49,227.6507,224.6,225.65,509503.0,0.0,1.0,226.49,227.6507,224.6,225.65,509503.0
2017-12-28,225.27,225.6,223.0,225.33,495543.0,0.0,1.0,225.27,225.6,223.0,225.33,495543.0
2017-12-29,224.98,225.14,222.35,223.66,665698.0,0.0,1.0,224.98,225.14,222.35,223.66,665698.0
2018-01-02,224.44,231.0,224.44,229.63,943327.0,0.0,1.0,224.44,231.0,224.44,229.63,943327.0
2018-01-03,235.77,246.52,234.38,245.12,1962180.0,0.0,1.0,235.77,246.52,234.38,245.12,1962180.0
2018-01-04,248.01,249.3,240.25,244.88,1225572.0,0.0,1.0,248.01,249.3,240.25,244.88,1225572.0
2018-01-05,244.44,244.75,235.02,237.96,1766840.0,0.0,1.0,244.44,244.75,235.02,237.96,1766840.0
2018-01-08,237.25,238.9913,230.18,231.14,1338190.0,0.0,1.0,237.25,238.9913,230.18,231.14,1338190.0
2018-01-09,231.2,233.54,227.818,232.92,926734.0,0.0,1.0,231.2,233.54,227.818,232.92,926734.0
2018-01-10,231.17,233.16,229.15,230.45,514226.0,0.0,1.0,231.17,233.16,229.15,230.45,514226.0
2018-01-11,231.4,233.5,228.01,233.15,698593.0,0.0,1.0,231.4,233.5,228.01,233.15,698593.0
2018-01-12,233.54,237.72,233.49,237.351,1085170.0,0.0,1.0,233.54,237.72,233.49,237.351,1085170.0
2018-01-16,238.29,238.68,234.68,237.18,790606.0,0.0,1.0,238.29,238.68,234.68,237.18,790606.0
2018-01-17,245.19,245.73,237.6,238.69,1352931.0,0.0,1.0,245.19,245.73,237.6,238.69,1352931.0
2018-01-18,238.82,243.96,238.255,243.15,1062253.0,0.0,1.0,238.82,243.96,238.255,243.15,1062253.0
2018-01-19,244.9,247.3,241.6575,244.13,1222443.0,0.0,1.0,244.9,247.3,241.6575,244.13,1222443.0
2018-01-22,240.88,241.785,232.74,235.01,1961082.0,0.0,1.0,240.88,241.785,232.74,235.01,1961082.0
2018-01-23,233.85,234.78,227.88,228.79,1899479.0,0.0,1.0,233.85,234.78,227.88,228.79,1899479.0
2018-01-24,228.33,228.33,220.67,224.31,1660846.0,0.0,1.0,228.33,228.33,220.67,224.31,1660846.0
2018-01-25,224.87,228.74,223.0,227.29,1084155.0,0.0,1.0,224.87,228.74,223.0,227.29,1084155.0
2018-01-26,226.88,229.35,223.41,227.69,1394426.0,0.0,1.0,226.88,229.35,223.41,227.69,1394426.0
2018-01-29,227.53,230.9,225.38,229.15,838388.0,0.0,1.0,227.53,230.9,225.38,229.15,838388.0
2018-01-30,225.84,228.785,223.335,226.05,679979.0,0.0,1.0,225.84,228.785,223.335,226.05,679979.0
2018-01-31,226.46,226.89,221.02,222.1,943964.0,0.0,1.0,226.46,226.89,221.02,222.1,943964.0
2018-02-01,220.6,222.02,217.53,219.4,806422.0,0.0,1.0,220.6,222.02,217.53,219.4,806422.0
2018-02-02,219.18,221.96,216.2,219.495,998226.0,0.0,1.0,219.18,221.96,216.2,219.495,998226.0
2018-02-05,218.51,224.39,213.03,213.7101,1042740.0,0.0,1.0,218.51,224.39,213.03,213.7101,1042740.0
2018-02-06,210.79,222.13,207.34,218.59,1568936.0,0.0,1.0,210.79,222.13,207.34,218.59,1568936.0
2018-02-07,217.99,221.67,216.91,218.06,736493.0,0.0,1.0,217.99,221.67,216.91,218.06,736493.0
2018-02-08,218.88,219.94,209.05,209.05,788097.0,0.0,1.0,218.88,219.94,209.05,209.05,788097.0
2018-02-09,211.0,220.44,205.5,218.48,1265899.0,0.0,1.0,211.0,220.44,205.5,218.48,1265899.0
2018-02-12,219.97,222.22,204.75,209.48,2641540.0,0.0,1.0,219.97,222.22,204.75,209.48,2641540.0
2018-02-13,208.44,211.25,206.26,206.79,1059110.0,0.0,1.0,208.44,211.25,206.26,206.79,1059110.0
2018-02-14,204.74,208.64,204.7,206.76,1292917.0,0.0,1.0,204.74,208.64,204.7,206.76,1292917.0
2018-02-15,207.24,208.25,203.38,204.0,1238830.0,0.0,1.0,207.24,208.25,203.38,204.0,1238830.0
2018-02-16,204.45,205.7305,201.63,203.15,1025309.0,0.0,1.0,204.45,205.7305,201.63,203.15,1025309.0
2018-02-20,200.15,205.0,199.5,201.13,959292.0,0.0,1.0,200.15,205.0,199.5,201.13,959292.0
2018-02-21,202.21,204.8399,199.83,201.24,724172.0,0.0,1.0,202.21,204.8399,199.83,201.24,724172.0
2018-02-22,201.26,204.84,199.54,204.05,865818.0,0.0,1.0,201.26,204.84,199.54,204.05,865818.0
2018-02-23,205.0,207.21,203.77,207.11,755715.0,0.0,1.0,205.0,207.21,203.77,207.11,755715.0
2018-02-26,206.9,207.04,198.32,198.93,1619056.0,0.0,1.0,206.9,207.04,198.32,198.93,1619056.0
2018-02-27,198.9,204.89,198.29,203.06,1186055.0,0.0,1.0,198.9,204.89,198.29,203.06,1186055.0
2018-02-28,204.49,208.98,203.33,203.35,990075.0,0.0,1.0,204.49,208.98,203.33,203.35,990075.0
2018-03-01,203.62,204.84,199.54,200.71,808077.0,0.0,1.0,203.62,204.84,199.54,200.71,808077.0
2018-03-02,198.08,199.08,191.701,194.0,2207951.0,0.0,1.0,198.08,199.08,191.701,194.0,2207951.0
2018-03-05,194.0,198.34,192.5,197.88,1314496.0,0.0,1.0,194.0,198.34,192.5,197.88,1314496.0
2018-03-06,198.4,202.89,198.4,200.22,1266054.0,0.0,1.0,198.4,202.89,198.4,200.22,1266054.0
2018-03-07,197.76,202.13,196.07,201.07,921920.0,0.0,1.0,197.76,202.13,196.07,201.07,921920.0
2018-03-08,202.35,206.96,200.13,206.54,1003787.0,0.0,1.0,202.35,206.96,200.13,206.54,1003787.0
2018-03-09,207.47,208.75,202.81,205.92,1061123.0,0.0,1.0,207.47,208.75,202.81,205.92,1061123.0
2018-03-12,205.69,208.31,203.02,207.62,891865.0,0.0,1.0,205.69,208.31,203.02,207.62,891865.0
2018-03-13,208.49,213.3,207.6,208.4,1427346.0,0.0,1.0,208.49,213.3,207.6,208.4,1427346.0
2018-03-14,208.84,209.49,201.25,201.99,1160930.0,0.0,1.0,208.84,209.49,201.25,201.99,1160930.0
2018-03-15,202.39,206.5,201.0,206.14,2226244.0,0.0,1.0,202.39,206.5,201.0,206.14,2226244.0
2018-03-16,210.35,223.5,207.54,221.88,5739806.0,0.0,1.0,210.35,223.5,207.54,221.88,5739806.0
2018-03-19,221.75,222.98,215.2,215.6,1305485.0,0.0,1.0,221.75,222.98,215.2,215.6,1305485.0
2018-03-20,216.89,219.0,214.22,215.63,1053803.0,0.0,1.0,216.89,219.0,214.22,215.63,1053803.0
2018-03-21,215.79,217.54,212.9,213.0,883007.0,0.0,1.0,215.79,217.54,212.9,213.0,883007.0
2018-03-22,212.55,215.6145,207.21,207.36,1321606.0,0.0,1.0,212.55,215.6145,207.21,207.36,1321606.0
2018-03-23,207.5,207.99,202.17,202.29,1248081.0,0.0,1.0,207.5,207.99,202.17,202.29,1248081.0
2018-03-26,205.07,208.3,204.78,207.9,1003522.0,0.0,1.0,205.07,208.3,204.78,207.9,1003522.0
2018-03-27,209.21,209.68,203.5,204.92,992505.0,0.0,1.0,209.21,209.68,203.5,204.92,992505.0
